source,target
"289284429845627908","9223372034136834047"
"289002954868917252","9223372034136834047"
"289002954868917252","8646911281833410559"
"90916039520419844","9223372036854775807"
"844047241576452","9223372036854775807"
"773678228840452","9223372036854775807"
"773678228963332","9223372036854775807"
"187604171505670","9223372036854775807"
"773678228865028","9223372036854775807"
"288467320907497476","9223372036854775807"
"234745740918788","9223372036854775807"
"234196245152260","9223372036854775807"
"234195976725508","9223372036854775807"
"164376990453764","9223372036854775807"
"164376988352644","9223372036854775807"
"4737795604094980","9223372036854775807"
"173173081374732","9223372036854775807"
"234745866747916","9223372036854775807"
"1360098031042564","9223372036854775807"
"234200271684100","9223372036854775807"
"581128187753267204","9223372036854775807"
"1153190884955652102","9223372036854775807"
"1153262387571195972","9187343236799043583"
"4737829963825156","9223372036854775807"
"515945831333892","9223372036854775807"
"234747880013836","9223372036854775807"
"1360130243297284","9223372036854775807"
"234745766084612","9223372036854775807"
"577749414290915332","9223372036854775807"
"4737933043040260","9223372036854775807"
"18248877954039812","9223372036854775807"
"2306077205190432085","9223372036854775807"
"1153158449362632708","9223372036854775807"
"18248594486206468","9223372036854775807"
"4738072629477380","9223372036854775807"
"288569575488881156","9223372036854775807"
"145137682874404","9223372036854775807"
"145685290697220","9223372036854775807"
"145685290747908","9223372036854775807"
"145685299068932","9223372036854775807"
"145685292777476","9223372036854775807"
"1460220332961956868","9223372036854775807"
"750554124910852","9223372036854775807"
"205196357533702","9223372036854775807"
"140874928705798","9223372036854775807"
"141837044613126","9223372036854775807"
"275593669294","9223372036854775807"
"749866930290692","9223372036854775807"
"3071463741959700565","9223372036854775807"
"3071457144889933909","9223372036854775807"
"2494994743319068757","9223372036854775807"
"2494994331002208341","9223372036854775807"
"2927339766380757077","9223372036854775807"
"3071454946403549269","9223372036854775807"
"3035426150995198037","9223372036854775807"
"11178591911940","9223372036854775807"
"747702270820356","9223372036854775807"
"187638564782084","9223372036854775807"
"152454161235972","9223372036854775807"
"152454159138852","9223372036854775807"
"1156017351393542148","9223372036854775807"
"1732406601081421830","9223372036854775807"
"4842798964539396","9223372036821221375"
"5347646600380420","9223372036854775807"
"1442511976642117636","9223372036854775807"
"27725285205999620","9223372036854775807"
"18764815195439108","9223372036854775807"
"18764952634392580","9223372036854775807"
"750554124910598","9223372036854775807"
"844012697157638","9223372036854775807"
"187604171489286","9223372036854775807"
"34187950","9223372036854775807"
"8768826030","9223372036854775807"
"422899659833348","9223372036854775807"
"844012890095622","9223372036854775807"
"19068452203397188","9223372036854775807"
"18156235509473316","9223372036854775807"
"167125767421988","9223372036854775807"
"547990190","9223372036854775807"
"136948398","9223372036854775807"
"576836046545747972","9223372036854775807"
"36122616284577796","9223372036854775807"
"144209007341469700","9223372036854775807"
"2005784086970372","9223372034707292159"
"141031693623300","9223372036854775807"
"176196872569092","9223372036854775807"
"176746494230532","9223372036854775807"
"176334177320964","9223372036854775807"
"176196872568836","9223372036854775807"
"141081152856068","9223372036854775807"
"141029613242372","9223372036854775807"
"176196809658372","9223372036854775807"
"141012433436740","9223372036854775807"
"141012433375236","9223372036854775807"
"8725534020","9223372036854775807"
"141012433373204","9223372036854775807"
"49117392025944068","9223372034707292159"
"4913167708717061","9223372034707292159"
"4823179553931268","9223372036854775807"
"4541704577220628","9223372036854775807"
"4541704577220868","9223372036854775807"
"4541704577222660","9223372036854775807"
"4541704577220740","9223372036854775807"
"4541704577220612","9223372036854775807"
"143658334552068","9223372036854775807"
"18788076738445316","9223372036854775807"
"773643869094022","9223372036854775807"
"1036427148132388","9223372036854775807"
"1032029101641732","9223372036854775807"
"1161805833437188","9223372036854775807"
"192002218000390","9223372036854775807"
"750554124910612","9223372036854775807"
"11719556464644","9223372036854775807"
"72831237907021830","9223372036854775807"
"844012613280006","9223372036854775807"
"577234396172517638","9223372036854775807"
"4756574850372337926","9223372036854775807"
"773643890065670","9223372036854775807"
"773643874337030","9223372036854775807"
"773643870404870","9223372036854775807"
"1290276895262980","9223372036854775807"
"1899543776206854","9223372036854775807"
"1226033152338690308","9223372036854775807"
"1153765517756989446","9223372036854775807"
"1154211232283099142","9223372036854775807"
"1154213431306354694","9223372036854775807"
"1154211232283099174","9223372036854775807"
"1225751677361987844","9223372036854775807"
"1154211232283107334","9223372036854775807"
"765752811580309510","9223372036854775807"
"73111647731843334","9223372036854775807"
"72830172755132710","9223372036854775807"
"844021203206150","9223372036854775807"
"4684797666159231236","9223372036854775807"
"91126046241325316","8646911283997704191"
"18858411131142150","9223372036854775807"
"18788042386964486","9223372036854775807"
"73111647731843332","9223372036854775807"
"73111647731843332","8646911283997704191"
"72901606684753926","9223372036854775807"
"90845636450058246","9223372036854775807"
"20969885899227140","9223372036854775807"
"77615247359213828","8646911283997704191"
"5347612242739206","9223372036854775807"
"1171709547522293766","9223372036854775807"
"1465099244011525","9222809084737093631"
"1642120616083460","9223372036854775807"
"1571751876624388","9223372036854775807"
"1571751871979524","9223372036854775807"
"1055153205544964","9223372036854775807"
"1571204263641094","9223372036854775807"
"316831147507716","9222809084737028095"
"316831147491396","9222809084737026047"
"316831147753476","9222809084737026047"
"316831147495428","9222809084737026047"
"4630474062953447430","9223372036854775807"
"316831147491460","9222809084737026047"
"319030170746884","9222809084737026047"
"162833274027114500","9223372036854775807"
"141012433633540","9223372036854775807"
"317380903305220","9222809084737026047"
"316831147499524","9222809084737090559"
"140874944086022","9223372036854775807"
"143898584285190","9223372036854775807"
"187612761423878","9223372036854775807"
"152421946884102","9223372036854775807"
"141424817340422","9223372036854775807"
"140874960863238","9223372036854775807"
"422762220879908","9223372036854775807"
"422762220879884","9223372036854775807"
"72901641010937860","9223372036854775807"
"143623706378246","9223372036854775807"
"1152922237569859844","9223372036854775807"
"1153062379534155782","9223372036854775807"
"72198331526283270","9223372036854775807"
"422762287988740","9222809086901354495"
"152454159138822","9223372036854775807"
"4820808731983876","9222809084737090559"
"422762489315332","9222809086901354495"
"445336568987654","9222809086901354495"
"4541704577228804","9223372036854775807"
"5384858197032964","9223369835667256319"
"705336977653764","9223372036854775807"
"159979212374020","9223372036854775807"
"180596932476932","9223372036854775807"
"705336977653766","9223372036854775807"
"4611827855695806468","9223372036854775807"
"318308616241156","9223369835667256319"
"288394340823203844","9223372036854775807"
"72221455630204932","9223372036854775807"
"175956220182532","9223372036854775807"
"576495953855381508","9223372036854775807"
"1444208523083780","8646909083363832831"
"1154220028376121350","9223372036854775807"
"142386822905860","9223372036854775807"
"163827232677892","9223372036854775807"
"2342012578080751620","9223372036854775807"
"163827233067012","9223372036854775807"
"163861625839620","9223372036854775807"
"163827232612612","9223372036854775807"
"163827232547076","9223372036854775807"
"316762428014724","9223372036854775807"
"3694977544617988","9223372036854775807"
"2393155844440068","9223372036854775807"
"164445707960324","9223372036854775807"
"164445710188548","9223372036854775807"
"164445716365316","9223372036854775807"
"4611849983098880004","9223372036854775807"
"72396793375096836","9223372034170421247"
"72294538793713668","9223372036854775807"
"1153085332913135620","9223372036854775807"
"1243332696491425796","9187343237151457279"
"1243051221514716164","9187343237151447039"
"1243051221514715396","9187343237151447039"
"1243051221514719236","9187343237151447039"
"1243051255874453508","9187343236815902719"
"90129854346821636","9187343236815902719"
"18178363181105156","9223372036854775807"
"6074801743986692","9223372036854775807"
"1171099730348998660","9223372036854775807"
"90129716907868196","9187343236815902719"
"18178225742151716","9223372036854775807"
"90129716907876356","9187343236815910911"
"90129716908130308","9187343236815845375"
"18178225742413828","9223372036854775807"
"90129716908007428","9187343236815823871"
"234195976718596","9223372036854775807"
"199561360441380","9223372036854775807"
"18178225742151684","9223372036854775807"
"18187021835173892","9223372036854775807"
"773643869421830","9223372036854775807"
"576610285884801028","9223372036854775807"
"72224170049536004","9223372036854775807"
"18155136014615046","9223372036854775807"
"576603688815034372","9223372036854775807"
"1225495319354015748","9223372036854775807"
"1153122715234729990","9223372036854775807"
"1153121065967288324","9223372036854775807"
"18189220858298372","9223372036854775807"
"90131915931123716","9187343236799043583"
"4612530033188143110","9223372036854775807"
"166043435663492","9223372036854775807"
"163844412539012","9223372036854775807"
"445851965194244","9223372036854775807"
"1360104473559046","9223372036854775807"
"164377525485572","9223372036854775807"
"166576011608076","9223372036854775807"
"166576016064516","9223372036854775807"
"166576012722180","9223372036854775807"
"18180424765407236","9223372036854775807"
"96018168610466478","9223372036854775807"
"72291927453597700","9223372036854775807"
"1360164737253380","9223372036854775807"
"18248665353158660","9223372036854775807"
"1153155906741993476","9223372036854775807"
"4737864860434436","9223372036854775807"
"288464675207643140","9223372036854775807"
"72608999119257604","9223372036854775807"
"18539415311745028","9223372036854775807"
"594814899905888260","9223372036821221375"
"148958536796209156","9223372036821221375"
"2378240352344604676","9223372036821221375"
"2324196057304530948","9223372036854775807"
"749875521126404","9223372036854775807"
"581303001512148996","9223372036854775807"
"316698003505156","9187343236799043583"
"2306722618515916804","9223372036854775807"
"10038541161594892","8646911283980795903"
"4612718047529009156","8646911283980795903"
"18249144242012164","9223372036854775807"
"7650243576391008261","9223372036284219391"
"3036305758149935117","9223372036284219391"
"4612460624369156101","9223372036854775807"
"577925301791621124","9223372034136735743"
"2310685258422419460","9223372034136735743"
"3716418021359620","9223372036317904895"
"4541704577221636","9223372036854775807"
"6148856050616543918","9223372036854775807"
"54381913829277700","9223372036317904895"
"13849517182943236","9223372036317904895"
"865029846755966980","9223372036317904895"
"10472023620845572","9223372034136719359"
"317209104615429","9222809086867800063"
"1548662127722501","9222809086901354495"
"18353597846650900","9222809086867800063"
"4614255027345686532","9223372036821221375"
"2307377927446069252","8646911283980795903"
"1153238713711461396","9223372036821221375"
"750588484665348","9223372036854775807"
"1153930306525331460","9223372036854775807"
"422770810814477","9223372036854775807"
"4949460182368268","9223372036854775807"
"18437160732459013","9223372036854775807"
"22963850104012804","9223372036854775807"
"4612165405497102340","9223372036821221375"
"4614453489194500100","9223372036854775807"
"3073706745680429077","9223372036854775807"
"3694908825141252","9223369835063279615"
"1152956757698412550","9223372036317904895"
"4738070481994244","9223372036854775807"
"35253091565700","9223372036317904895"
"577728489210249221","9223372036854775807"
"35253091565604","9223372036317904895"
"211381111488516","9223372036854775807"
"163827240992772","9223372036854775807"
"422830940356612","9223372036854775807"
"37494446018789380","9223372036821221375"
"17179869196","9223372036854775807"
"3076122441991323669","9223372036854775807"
"141905719984132","9223372036854775807"
"4831843588","9223372036854775807"
"68987912452","9223372034707292159"
"768568248542167045","9223372036854775807"
"739009269596164","9223372036854775807"
"4611743261751508997","9223372036317904895"
"189151189181399044","9223372036854775807"
"1733921315787636740","9223372036317904895"
"36486193856118796","9223372036821221375"
"1801475310198194180","9223372036317904895"
"35253091566084","9223372036317904895"
"18178509209862148","9223372036854775807"
"17179890948","9223372036854775807"
"144115205255725060","9223372036854775807"
"22377732","9223372036854775807"
"3073706745680887829","9223372036854775807"
"2305843009280824597","9223372036854775807"
"19304134238797830","9223372036854775807"
"576513528861556748","9223372034136735743"
"9437204","9223372036854775807"
"576460752303685632","9223372036854775807"
"45035997884317700","9223372036854775807"
"786581822417928196","9223372036854775807"
"140875201511430","9223372036854775807"
"140875201511428","9223372036854775807"
"3458764537255690244","9223372036854775807"
"2392812448382980","9223372036854775807"
"5044071165073555460","9223372036854775807"
"135266324","9223372036854775807"
"2269392017904902","9223372036854775807"
"19843985858101252","9223372036854775807"
"4755801206503243780","9223372036854775807"
"141012634697732","9223372036854775807"
"18401976358273028","8646911283980795903"
"69256434948","9223372036854775807"
"68719564036","9223372036854775807"
"1153437725316087812","9223372036854775807"
"187604171554820","9223372036854775807"
"17716761860","9223372036854775807"
"2251799814034708","9223372036854775807"
"36350468","9223372036854775807"
"1099513025796","9223372036854775807"
"576460752336977920","9223372036854775807"
"72221971038863364","9223372036854775807"
"9165597648617476","9223372036854775807"
"44706308","9223372036854775807"
"17179934724","9223372036854775807"
"44730884","9223372036854775807"
"1501125429755908","9223372036854775807"
"9342550301212676","9223372036854775807"
"173173081374756","9223372036854775807"
"44737028","9223372036854775807"
"36350596","9223372036854775807"
"4100","9223372036854775807"
"4294972676","9223372036854775807"
"3463303366539476996","9223372036317904895"
"4902220970950918148","8646911281833312255"
"1610614020","9223372036854775807"
"158879430213636","9223372036854775807"
"1835012","9223372036854775807"
"1188950301625854468","9223372036854775807"
"141081086263301","9223372036854775807"
"17180566188","9223372036854775807"
"865007890883149828","9223372036317904895"
"67239948","9223372036854775807"
"1179660","9223372036854775807"
"432381023477563396","9223372036317904895"
"2402021663571972","9223372036854775807"
"216489544541798404","9223372036317904895"
"6918690386797920260","9223372036317904895"
"68719476742","9223372036854775807"
"576601524151517188","9223372036854775807"
"2796044","9223372036854775807"
"109247750213730308","9223372036317904895"
"9148212695269380","9223372036854775807"
"211518549393412","9223372036854775807"
"1297355001298944004","9223372036821221375"
"144432397180469284","9223372036821221375"
"211381110439940","9223372036854775807"
"3071595683388588053","9223372036854775807"
"2147833156","9223372036854775807"
"4647714815446526468","9223372036854775807"
"538006852","9223372036854775807"
"2305983746702049284","9223372036854775807"
"9223369835684036607","9223369835063279615"
"288394306463465476","9223372036854775807"
"35184372088852","8646911281832777727"
"35184372088852","9223372034103269375"
"24401156","9223372036854775807"
"180143985094829060","9223372036854775807"
"577445914721910788","9223372036854775807"
"5767172","9223372036854775807"
"576865372582445060","9223372034103312383"
"1747628","9223372036854775807"
"108086391056894468","9223372036854775807"
"72538080619266052","9223372036854775807"
"3107483742885642325","9223372036854775807"
"70","9223372036854775807"
"22","9223372036854775807"
"140892107177990","9223372036854775807"
"2305843009230492949","9223372036854775807"
"234265241452548","9223372036854775807"
"316736658210822","9223372034153571327"
"16777220","9223372036854775807"
"577199624117289476","9223372036854775807"
"1162263505152245764","8646911281833312255"
"655366","8646909083363570687"
"2305843009217910037","9223372036854775807"
"164376996757508","9223372036854775807"
"2306054115446226948","9223372036854775807"
"4194308","9223372036854775807"
"1153260188547940420","8646911281833409535"
"158879432310788","9223372036854775807"
"234196513652742","9223372036854775807"
"576795553594081292","9223372034136735743"
"2305843009213715796","9223372036854775807"
"20","9223372036854775807"
"316934226706439","9223372034136719359"
"4325388","9223372036854775807"
"65540","9223372036854775807"
"2306441143539206148","9223372036854775807"
"152392964","9223372036854775807"
"22401284","9223372036854775807"
"18175748","9223372036854775807"
"54875396","9223372036854775807"
"865007856523411460","9223372036317904895"
"144115188081448068","9223372036854775807"
"704374904979460","9223372036854775807"
"773643902648582","9223372036854775807"
"316831147491588","9222809084737026047"
"144115188076205068","9223372036854775807"
"3071454945866682375","9223372036854775807"
"144115188075943174","9223372036854775807"
"34365330756","9223372036854775807"
"2586326226436100","9223372034086535167"
"1297036692682708228","9223372036854775807"
"289180903953924100","8646911283980795903"
"9148212694745092","9223372036854775807"
"1501125429690628","9223372036854775807"
"2522015791327477765","9223372036854775807"
"576782359454547974","9223372036854775807"
"577961946452590596","9223372036854775807"
"158604552306692","9223372036854775807"
"1501125429694468","9223372036854775807"
"288230376151722500","9223372036854775807"
"145616382225022980","9223372036854775807"
"18049582881570820","9223372034640183295"
"317071665659911","9187343237067571199"
"445439648202756","9223372034707292159"
"3072158633308455429","9223372034136719359"
"767863753646538773","9223372036854775807"
"234745866747908","9223372036854775807"
"576610629482184708","9223372036854775807"
"9192608697942020","9223372036854775807"
"576601833389162500","9223372036854775807"
"35459249997828","9223372036317904895"
"72218672491413508","9223372036854775807"
"144115188142964742","9223372034707292159"
"1047693843782172676","9223372036821221375"
"44739076","9223372036854775807"
"140737493946692","9223372036854775807"
"324577481786916868","9223372036821221375"
"750554125959172","9223372036854775807"
"1275708366127108","9223372036854775807"
"1266912273104900","9223372036854775807"
"3066951414993390231","9223372036854775807"
"17179873284","9223372036854775807"
"4719807868734275588","8646911281833295871"
"1153085881607782404","9223372036854775807"
"4096","9223372036854743039"
"140737488356356","9223372036854775807"
"4692856364836323332","9223372036284219391"
"2462974765694982","9223372036854775807"
"1729707987229999108","9223372034086535167"
"648518346341351684","9223372036854775807"
"9007216434610180","9223372036854775807"
"2251816993554436","9223372036854775807"
"142940977037316","9223372036854775807"
"633679474851844","9223372036854775807"
"9007199260332356","9223372036854775807"
"2199028847684","9223372036854775807"
"562967133290500","9223372036854775807"
"3459103232121372676","9223372036317904895"
"576460752303489030","9223372036854775807"
"44214788","9223372036854775807"
"288406298012155908","9223372034086535167"
"4644611993632772","9223372036854775807"
"3037677948728508437","9223372036854775807"
"2305843026393563140","9223372036854775807"
"40871321105596420","8646911281833409535"
"40871321105596420","9223372034086535167"
"72830138395394308","8646911283980795903"
"317277824090628","9223372036317904895"
"5667570124324868","8646911283980795903"
"1298798112407556","9223372036854775807"
"140874961911812","9223372036787666943"
"2153076036","9223372036854775807"
"4541670217482244","8646911283980795903"
"36169813680193540","9223372036854775807"
"42641924","9223372036854775807"
"439804651634692","9223372036854775807"
"3072163031354966021","9223372036854775807"
"145204254867460","9223372036854775807"
"3072440108285165573","9223372036854775807"
"750622844911622","9223372036854775807"
"18788042380673286","9223372036854775807"
"2306164616364818444","9223372036854775807"
"141424750231556","9223372036854775807"
"261815708806021124","9223372034136719359"
"189863672179326980","9223372036854775807"
"163964671492868","9223372036854775807"
"20583957183594500","9223372036821221375"
"3076662232935825413","9223372036854775807"
"1290002554159108","9223372036854775807"
"72221730508111876","9223372036854775807"
"4611850120604942340","9223372036854775807"
"4719825186042413060","8646911281833312255"
"432486301715922950","9223372036854775807"
"140742320193540","9223372036854775807"
"1572868","9223372036854775807"
"698886","9223372036854775807"
"648659083829706756","9223372036854775807"
"1153541904042819589","9223372034136184831"
"152419799404548","9223372036854775807"
"1153649106426527748","9223372034707292159"
"1225751677361979684","9223372036854775807"
"140737488355460","9223372036854775807"
"140737488355460","9223372034707292159"
"2179953600757764","8646911283980795903"
"288371113644261380","9223372036854775807"
"1153929756769517572","9223372036854775807"
"140737492549636","9223372034707292159"
"360287970189639940","9223372036854775807"
"4611861115654111236","9223372036854775807"
"288569575488880900","9223372036821221375"
"1724171671306244","9223372034136719359"
"172898212118532","9223372036854775807"
"1171170648848859140","9223372036854775807"
"18014398509481988","9223372036854775807"
"18577348462903296","9223372036854775807"
"144115188075986950","8646909083363570687"
"158398393876486","9223372036854775807"
"576460752303423492","9223372036854775807"
"576460752303423492","9223372033818099711"
"2305985395969490948","9223372036854775807"
"436884623104933892","9223372036317904895"
"162187036067889156","9223372036317904895"
"70867309892","9223372036854775807"
"18014398509484032","9223372036854775807"
"18014398509482112","9223372036854775807"
"2305992817672978436","9223372036854775807"
"524292","9223372036854775807"
"3072158702027931652","9223372036854775807"
"18248595023134726","9223372036854775807"
"243266956034060","9223372036854775807"
"1073743108","9223372036854775807"
"4550500670242820","9223372036854775807"
"524550","9223372034103301631"
"140737488363524","9223372036854775807"
"234470856785926","9223371484951478271"
"1161359156838407","9187343237067571199"
"3072158908186361861","9223372036854775807"
"243266949742598","9223372036854775807"
"141012433379396","9223372036854775807"
"72292099252289540","9223372036854775807"
"144449439610699782","9223372034136735743"
"164102112542726","9223372036854775807"
"1289731434349060","9223372036854775807"
"576848330152214564","9223372036284219391"
"759569037926596612","9223372036854775807"
"9223371484951478271","9187343237067571199"
"5188287508219166724","9223372036854775807"
"4667978763730948","9223372036854775807"
"9223369837831520255","9223369835063279615"
"74348976270213124","9223372036854775807"
"140737493073924","9223372036854775807"
"140737493073924","9223372034707292159"
"234196010336262","9223372036854775807"
"3074410433390575621","9223372036854775807"
"3074410433138917381","9223372036854775807"
"152419799404550","9223372036854775807"
"9324408359354374","9223372036821221375"
"211658169384972","9223372036854775807"
"89653252","9223372036854775807"
"1289795993075716","9223372036854775807"
"2486022178680604677","9223372034086535167"
"6","9223372036854775807"
"289074423124721668","9223372036854775807"
"576460752303423504","9223372036854775807"
"3062658852844470277","9223372036854775807"
"318308616241188","9223372036821221375"
"290816427500240900","9223372034136735743"
"144261148244443140","9223372036854775807"
"72831237907021828","9223372036854775807"
"576619356857827334","9223372036854775807"
"68","9223372036854775807"
"4909029146950107140","8646911283980795903"
"576603413937127428","9223372036854775807"
"4667426859909700","9223372036854775807"
"17179869204","9223372036854775807"
"187621351358468","9223372036854775807"
"158879564431364","9223372036854775807"
"581122956483101188","9223372036854775807"
"7685709423456550917","9223372034086535167"
"422762220880004","9223372036854775807"
"72221971044106244","9223372036854775807"
"263777237549973508","9223372034086535167"
"576605887838289924","9223372036854775807"
"8589934592","9223372036854775807"
"4667703885299716","9223372036854775807"
"3074410450302009349","9223372034707292159"
"9223372036821221375","9223372034086535167"
"3062447746612069380","9223372036854775807"
"141424683122948","9223372036787666943"
"18788076738445318","9223372036854775807"
"1056551509455536132","9223372034086535167"
"35201551958020","9223372036854775807"
"1501125429706756","9223372036854775807"
"3073856280335482885","9223372036854775807"
"65627650038693892","9223372034086535167"
"36367446600318980","9223363237993512959"
"3073851881215229957","9223372036854775807"
"879609302220804","9223372036317904895"
"1073872908","9223372036854775807"
"154206505795588","9223372036854775807"
"1153155700584087556","9223372036854775807"
"4503599627501568","9223372036854775807"
"4715256689459204","9223372036854775807"
"18718086119096324","9223372036854775807"
"4756122263898554372","9223363240728199167"
"35184372092932","8646911281832777727"
"35184372092932","9223371484347455487"
"9346948347723780","9223369835063279615"
"72218672558505988","9223372036854775807"
"4611826755919937540","9223372036854775807"
"37529991168131076","9223372036854775807"
"36283883716644","9223372036821221375"
"576672958047584261","9223372036854775807"
"298403057731895300","9223372036854775807"
"765611936653018116","9223372036854775807"
"140741783322628","9223372036854775807"
"2306230587062485124","8646911283980795903"
"16384","9223372036854743039"
"4398064686340","9223372036854775807"
"18178230036988420","9223372036854775807"
"16","9223372036854775807"
"68722688004","9223372036854775807"
"72057594037930500","9223372036854775807"
"4225115322287390724","9223372034136719359"
"5277243580350470","9223372036854775807"
"17179869189","9223372036854775807"
"11962686526980100","9223372036854775807"
"11950","9223372036854775807"
"135267668","9223372036854775807"
"35218731827204","8646911281832777727"
"35218731827204","9223371484347463671"
"1266706114674694","9223372036854775807"
"187608466980870","9223372036854775807"
"35459249995908","9223372036317904895"
"163831527505932","9223372036854775807"
"1153331072688193796","8646911283980795903"
"2410146667954182","9223372036854775807"
"34603348","9223372036854775807"
"190","9223372036854775807"
"7683739098619576325","9223372034136719359"
"4663303691305476","9223372036854775807"
"4611872952651677702","9223372036854775807"
"17179869188","9223372036854775807"
"140737488355364","9223372036854775807"
"422281184542724","9223372036854775807"
"768567441088315397","9223372034707292159"
"3065403233884700677","9223372036854775807"
"211657062088708","9223372036854775807"
"1162245363210387462","9223372036821221375"
"22892804","9223372036854775807"
"1074438828","9223372036854775807"
"4737804194021380","9223372036854775807"
"297237575406453252","9223372036854775807"
"140772921835524","9223372036854775807"
"450395421987045380","9223372036317904895"
"3074023405029163021","9223372034086535167"
"189151184349570052","9223372036854775807"
"35184372089348","8646911281832908799"
"35184372089348","8646911281832728575"
"35184372089348","9223371484330668031"
"35184372089348","9223371484347463671"
"216054034857988","9223372036854775807"
"36187951327084548","9223372036854775807"
"576777411652222976","9223371484330684415"
"89915396","9223372036854775807"
"2990","9223372036854775807"
"10190548644134916","9223372034136719359"
"140737488355332","9223372036854775807"
"164376988901380","9223372036854775807"
"35188667056132","9223372034707292159"
"262144","9223372036854775807"
"750622844387332","9223372036854775807"
"142180597432332","9223372036854775807"
"140737488357380","9223372036854775807"
"144115196665790470","9223372034707292159"
"35184372089860","8646911281832777727"
"35184372089860","9223371484347455487"
"193514046488580","9223372036854775807"
"576601489791778816","9223372036854775807"
"158741991260164","9223372036854775807"
"3071456045378306053","9223372036854775807"
"148618787703226374","9223372034103312383"
"148618787703226374","9223372034103302143"
"1153094952566128644","9223372036854775807"
"35184372088900","9223372034640183263"
"260","9223372036854775807"
"581105089419149316","9223372036821221375"
"158948149690372","9223372036854775807"
"288371130819936260","9223372036854775807"
"4611858916632952836","9223372036854775807"
"141012433371140","9223372036854775807"
"5276143984836628","8646911283980795903"
"90138513000890372","9187343236799043583"
"35184372088844","8646911281832908799"
"35184372088844","9223371484330686463"
"35184372088844","9223372034086535167"
"158896610082820","9223372036854775807"
"140874927308806","9223372036854775807"
"35184372088836","8646911281832908799"
"35184372088836","9223371484347463671"
"144255998578655238","9223372036854775807"
"72218672492445700","9223372036854775807"
"4611849914647838732","9223372036854775807"
"2305843009213693956","9223372036854775807"
"4756122813654368260","9223372036854775807"
"288230376151711744","9223372036854775807"
"262148","9223372036854775807"
"67807404","9223372036854775807"
"72221489989943812","9223372036854775807"
"29871669342371844","9223372036821221375"
"4541704577220644","9223372036854775807"
"1747432114669748228","9223372036317904895"
"140737492551684","9223372036854775807"
"234745749569540","9223372036854775807"
"316728068276230","9223372036317904895"
"844046973009924","9223372036854775807"
"140737488355844","9223372036854775807"
"4503599627370560","9223372034707259391"
"44608004","9223372036854775807"
"3362095451506475013","9223372036854775807"
"594638015972769796","9223372036854775807"
"68719476998","9223372036854775807"
"68719476998","9223371484347487743"
"148671564261359622","8646911281833312255"
"216054034923524","9223372036854775807"
"7522446240385028","9223369837831520255"
"146784802308101","9223372036854775807"
"36028797021760012","9223372036854775807"
"288265560523800580","9223372034640183263"
"840625017946374149","9223372036854775807"
"774623121637380","9223372036854775807"
"1024","9223372036854743039"
"3461016337069375494","9223372036854775807"
"2594109669249122310","9223372036821221375"
"4503599627370752","9223372036854743039"
"47991483596800004","9223372036854775807"
"576777411652222983","9223372034640183263"
"7503756690196484","9223369837831520255"
"142249316843525","9223372036854775807"
"4737795604088836","9223369837831520255"
"72467162119274516","9223372036284219391"
"43980465111044","8646911281832777727"
"43980465111044","9223371484347463671"
"141424683122950","9223372036854775807"
"144115188081448324","9223372036854775807"
"2","9223372036854775807"
"2","9223301665073855487"
"1501194149167109","9223372036854775807"
"4618758077217243140","9223372036821221375"
"4540983022714884","9223372034103312383"
"316659348799488","9223372034707292159"
"150907979563012","9223372036854775807"
"140874944086020","9223372036854775807"
"2392537302302726","9223372036854775807"
"18014398509481986","9223372036854775807"
"703688515518468","9223372036854775807"
"94716364291309574","9222809086901354495"
"144115188077253668","9223372036854775807"
"274878256388","9223372036854775807"
"1285329092870156","9223372034707292159"
"36776464925851684","9223372036854775807"
"288396952163319812","9223372036854775807"
"4702888265777156","9223372036854775807"
"577727389698621444","9223372036854775807"
"576601575691124742","9223372036854775807"
"18014398509482496","9223372036854775807"
"288675678360961028","9223372036854775807"
"2393087124963332","9223372036854775807"
"144256355060940804","9223372036854775807"
"1153155700583563268","9223372036854775807"
"423312513565700","9223372036854775807"
"1290002017290260","9223372036854775807"
"18155135997837312","9223372036854775807"
"2305988694504374276","9223372036854775807"
"140875106156550","9223372036854775807"
"90244615872970756","9223372036854775807"
"4667976615870468","9223372036854775807"
"288699489659650052","8646911283980795903"
"4538852718936070","9223372036317904895"
"4188347653454561365","9223372036854775807"
"1153085366199123972","9223372036854775807"
"4512395720392704","9223301665073856511"
"288371113640329220","9223372036854775807"
"17592204219652","9223372036854775807"
"18718085951258628","9223372036854775807"
"23291642008043526","9223372036854775807"
"140737488617476","9223372036854775807"
"4503599627371008","9223372036854775807"
"4503599627371008","9223301665073855487"
"141029546131460","9223372036854775807"
"36193174007447564","9223372036854775807"
"768004491134894084","9223372034707292159"
"35321811042308","8646911281832777727"
"35321811042308","9223371484347463671"
"4503599627370624","9223372036854775807"
"4503599627370624","9223301665073855487"
"1729417716160266244","9223372036317904895"
"81390935929257988","9223372036821221375"
"1152921504606846976","9223372036854775807"
"1152921504606846976","9223301665073855487"
"5102421147648004","9223372036821221375"
"864832965455118341","9223372036854775807"
"28182956921061380","9223372036317904895"
"4398046511104","9223372036854775807"
"78852575897583620","9223372036854775807"
"140807551123468","9223372034707292159"
"1234039074457649156","8646911281833312255"
"1152978954089398277","9223372036317904895"
"3072160833405452293","9223372036854775807"
"536870912","9223372036854775807"
"4503599627370498","9223301665073855487"
"4503599627371520","9223372036854743039"
"549755813888","9223301665073856511"
"159704332369932","9223372036854775807"
"2251799814209542","9223372036854775807"
"4663097532874884","9223372036854775807"
"750","9223372036854775807"
"3363203759227273221","9223372036854775807"
"4503737066323968","9223301665073856511"
"1153519638932357124","9223372034086535167"
"4611744292543660052","9223372036821221375"
"72198898461966340","9223372036854775807"
"576460752303947776","9223301665073855487"
"234196513652740","9223372036854775807"
"1152921516015353860","9223372036854775807"
"5022019359866884","9223372036854775807"
"36195373030572044","9223372036854775807"
"4538783999459328","9223301665073856511"
"140737492582404","9223372036854775807"
"3018846613143556","9223372036854775807"
"18342774529064964","8646911283980795903"
"5066549580791808","9223301665073856511"
"1158175658359128068","8646911283980795903"
"145298262587342852","9223372036854775807"
"176231098093572","9223372036854775807"
"3071454945866810372","9223372036854775807"
"17592186044416","9223372036854775807"
"537924948","9223372036854775807"
"288394615701110788","9223372036854775807"
"1153261803455643652","9223372036821221375"
"105553116266500","9223372034086535167"
"703756161253380","9223372036854775807"
"2147483648","9223372036854775807"
"5019270581321732","9223372036854775807"
"387577848793092","8646911283980795903"
"4504149383184384","9223301665073856511"
"268566540","9223372036854775807"
"18348650044325892","8646911281833312255"
"4616189618054758400","9223372036854775807"
"4616189618054758400","9223301665073855487"
"4611686018427562500","9223372036854775807"
"432345564227567618","9223372033818099711"
"1028","9223372036854775807"
"1225751677361979652","9223372036854775807"
"17179869252","9223372036854775807"
"4667529939124228","9223372036854775807"
"8595526980","9223372036854775807"
"1108101562368","9223372036854775807"
"576606987349917700","9223372036854775807"
"1360095883559430","9223372036854775807"
"135288132","9223372036854775807"
"648575795823902724","9223372034136719359"
"37383395344388","8646911281832777727"
"37383395344388","9223371484347463671"
"422796580618244","9223372036854775807"
"144115188075856134","9223372034103301631"
"4611858641752948740","9223372036854775807"
"3073851881215754245","9223372036854775807"
"18049600061440004","9223372036854775807"
"141424818388996","9223372036854775807"
"141081085739013","9223372036854775807"
"140737497792516","9223372036787666943"
"72955345282007044","8646911281833312255"
"36283883724804","9223372036821221375"
"9711436720766980","9223372036854775807"
"8","9223372036854775807"
"8","9223301665073855487"
"288230376151711757","9223372036854775807"
"4629700416936869888","9223372036854775807"
"318308616241668","9223372036821221375"
"4616224871146323973","9223372036317904895"
"32768","9223372036854775807"
"1153156662656237572","9223372036854775807"
"562949953421312","9223301665073856511"
"515808392380420","9223372034707292159"
"1153672058731757572","9223372036821221375"
"4622053313565687812","9223372036854775807"
"4503599627386880","9223372036854743039"
"140737488355396","9223372034707259391"
"22499588","9223372036854775807"
"1153049047955669252","8646911283980795903"
"144115188075942918","9223372036854775807"
"1266706114674692","9223372036854775807"
"9223372034707259391","9223372034707292159"
"441179174862852","9223372034707292159"
"4755801206503265284","9223372036854775807"
"9223372036854743039","9223372034707259391"
"187604171489414","9223372036854775807"
"580964351930793985","9223372036854775807"
"440904699609092","9223372036854775807"
"17179885572","9223372036854775807"
"4503599627370504","9223301665073855487"
"3071459344450060309","9223372036854775807"
"16908300","9223372036854775807"
"35253091573764","9223372036317904895"
"141493939470340","9223372036854775807"
"1730543616067108868","9223372036317904895"
"288500306256330756","9223372036854775807"
"2199023605060","9223372036854775807"
"36349854414274580","9223363237993512959"
"9148005731008518","9223372036854775807"
"6922068086518448132","9223372036317904895"
"143632296312836","9223372036854775807"
"158879463768068","9223372036854775807"
"269655243505668","9223372036854775807"
"35459250003972","8646911281833295871"
"35459249996292","8646911281833295871"
"703773341122564","9223372034707292159"
"16388","9223372036854775807"
"4503633987108864","9223301665073856511"
"35184372088832","9223301665073856511"
"1360130243297292","9223372036854775807"
"36283883716621","9223372036821221375"
"4503599627632640","9223372036854775807"
"576601575691124740","9223372036854775807"
"576602589303406613","9223372036854775807"
"256","9223372036854743039"
"140737488355348","9223372036854775807"
"703687710212100","9223372036854775807"
"3065404333379026949","9223372036854775807"
"35356170788868","9187343236799046655"
"576689450722000900","9223372036854775807"
"4505798650626048","9223301665073856511"
"4629735670028435461","9223372036317904895"
"7205794863042789380","9223372036317904895"
"58634893524996","9223372036854775807"
"108121850306887684","9223372036317904895"
"447501232635910","9223372036854775807"
"2396939643518980","9223372036854775807"
"4611686018427387904","9223372036854775807"
"4611686018427387904","9223301665073855487"
"39582418599973","9223372036854775807"
"72796466120228868","9223372036854775807"
"316659348801541","9222809086867800063"
"1153062242099396612","9223372036854775807"
"140737756791044","9223372036854775807"
"163895952032260","9223372036854775807"
"672208196","9223372036854775807"
"2199023255552","9223301665073856511"
"594475150812905472","9223372036854775807"
"35184372350980","9223372034136184831"
"35184372350980","9223371484347454975"
"140737492549638","9223372036854775807"
"212755499974660","9223372036854775807"
"45741883812478980","9223372036854775807"
"1153086156473106436","9223372036854775807"
"1829587348619268","9223372036854775807"
"17179869444","9223372036854775807"
"4295664300","9223372036854775807"
"4406636445696","9223372036854775807"
"594475150812905988","9223372036821221375"
"11184676","9223372036854775807"
"22906667012","9223372036854775807"
"140737622573060","9223372036854775807"
"8796093371668","9223372036854775807"
"76561193665298432","9223372036854775807"
"578857691946942468","9223372036854775807"
"140823388815372","9223372034707292159"
"4893324","9223372036854775807"
"9007199255090452","9223372036854775807"
"288473917977264132","9223372036854775807"
"703687508885508","9223372036854775807"
"703687441776644","9223372036854775807"
"140737492549764","9223372036854775807"
"137438953472","9223301665073856511"
"4613973002613161988","9223372034086535167"
"144255998578655236","9223372036854775807"
"3073706745681412117","9223372036854775807"
"54360473352536068","9223372036317904895"
"68719480838","9223372036854775807"
"1360439480942596","9223372036854775807"
"12244161486913540","9223372036854775807"
"140737488355328","9223372036854775807"
"140737488355328","9223301665073856511"
"144132780261900292","9223372034640183295"
"445577221373956","9223372034707292159"
"140737492549644","9223372036854775807"
"9223372034707292159","8646911281833312255"
"9223372034707292159","9223372034136152063"
"9223372034707292159","9223372034103312383"
"9223372034707292159","9223372034086535167"
"9223372034707292159","9223363237993512959"
"72218672759832580","9223372036854775807"
"422487342972932","9223372036854775807"
"9223372036787666943","9223369835063279615"
"3036024283173224461","9223372036284219391"
"445304356732932","9223372036854775807"
"426610511577092","9223372036854775807"
"576460752437641216","9223372036854775807"
"4503599627370496","9223372036854775807"
"144150372447944710","9223372034640183295"
"820922869088262","9223372036854775807"
"3072158633308454925","9223372034136719359"
"297559182557577220","9223372036854775807"
"576460752303423489","9223372036854775807"
"576460760893358080","9223372036854775807"
"68720001092","9223372034707292159"
"4738345359900676","9223372036854775807"
"140806292832268","9223372036854775807"
"191150","9223372036854775807"
"297237575406452742","9223372036854775807"
"9218580365180932","9223372036854775807"
"4715255632494596","9223372036854775807"
"18468496811753476","9223372036854775807"
"137439302996","9223372036854775807"
"112625449934258180","9223372036317904895"
"2251799819276612","9223372036854775807"
"3073847483168727045","9223372034086535167"
"8594478404","9223372036854775807"
"4645436627353604","9223372036854775807"
"9431060987248644","9223372036854775807"
"317071665660420","8646911281833295871"
"4644337119920132","9223372036854775807"
"4503599627370528","9223372036854775807"
"4503599627370528","9223301665073855487"
"721283922788356","9223372036854775807"
"137444545860","9223372036854775807"
"3362082257366941701","9223372034707292159"
"140737488371716","9223372036854775807"
"35734127902724","8646911281832777727"
"35734127902724","9223372034103277559"
"6790858691051524","9223372036317904895"
"3073847483168719365","9223372034086535167"
"153519311028230","9223372036854775807"
"164377021911052","9223372036854775807"
"5207287069147140","9223372036854775807"
"751653636538380","9223372036854775807"
"140737521909764","9223372036854775807"
"187608466456582","9223372036854775807"
"4644611993637380","9223372036854775807"
"4503599627374592","9223372036854743039"
"3038417095353171973","9223372036854775807"
"4503599627372544","9223372036854775807"
"4503599627372544","9223301665073855487"
"18014398509481992","9223372036854775807"
"27057057014218756","9223372036317904895"
"22371588","9223372036854775807"
"141287244169220","9223372036854775807"
"140737489928198","9223372036854775807"
"143623974813700","9223372036854775807"
"142111877890053","9223372036854775807"
"18249146389495820","9223372036854775807"
"18155135997837316","9223372036854775807"
"144115188075855878","9223372034103302143"
"144115188075855878","9223372036854775807"
"144115188075855878","8646911281833443327"
"3362148228064608261","9223372036854775807"
"35201551958021","9223372036854775807"
"594615888301260804","9223372036854775807"
"77309411328","9223372036854775807"
"262","9223372036854775807"
"369334751862980612","9223372036854775807"
"11587354630","9223372036854775807"
"18014398509481984","9223372036854775807"
"5383930484097540","9223372036821221375"
"35253091567620","9223372036317904895"
"36028814198833156","9223372036854775807"
"128","9223372036854775807"
"128","9223301665073855487"
"92363374779695108","9223372036854775807"
"4612025286484033541","9223372036317904895"
"64","9223372034707259391"
"4715255884152836","9223372036854775807"
"141905719459844","9223372036854775807"
"576601489792040964","9223372036854775807"
"3078351082796089349","9223372036854775807"
"13846699684397060","9223369835063279615"
"773643869093926","9223372036854775807"
"140737488355333","9223372036854775807"
"1048580","9223372036854775807"
"897270207741956","9223372036854775807"
"576460752840294400","9223372036854775807"
"18049582881570816","9223372036854775807"
"4644337115725829","9223372036854775807"
"68719477766","9223372036854775807"
"6989622080929005572","9223372036317904895"
"11179397218308","9223372036854775807"
"576495936675512320","9223372036854775807"
"433506923384406020","9223372036317904895"
"512","9223372036854775807"
"512","9223301665073855487"
"72218672495591428","9223372036854775807"
"34359738368","9223301665073856511"
"576460754450907136","9223372036854775807"
"140737492550148","9223372036854775807"
"22517998136852480","9223372036854775807"
"901668254253060","9223372036854775807"
"144115188075856006","8646911281833312255"
"144115188075856006","9223372034103312383"
"4227507859589431300","9223372034086535167"
"515739706458116","9223372036854775807"
"1271035441709060","9223372036854775807"
"576606987349917701","9223372036854775807"
"33554432","9223372036854775807"
"3062606076286337029","9223372036854775807"
"175956220530950","9223372036854775807"
"289262405253332996","9223372036854775807"
"750418833702916","9223372036854775807"
"4644611993634308","9223372036854775807"
"288394203384251460","9223372036854775807"
"283467841536","9223372036854775807"
"515705313165316","9223372034707292159"
"3476814165421588484","9223372036317904895"
"141424683122710","9223372036854775807"
"35184372089092","8646911281832777727"
"35184372089092","9223372034103269375"
"1243051221514715204","9187343237151447039"
"4951100859875332","9223372036854775807"
"46","9223372036854775807"
"141016661229572","9223372036854775807"
"321607151124996","9223372036854775807"
"288464984445288452","9223372036854775807"
"175921860444164","8646911281832908799"
"175921860444164","9223371484347463671"
"175921860444164","9223372036854775807"
"144256217621987332","9223372036854775807"
"5802122859773956","9223372036854775807"
"142111878414596","9223372036854775807"
"159704066031622","9223372036854775807"
"2306265221678759940","9223372036854775807"
"324259173170675716","9223372036854775807"
"22906929156","9223372036854775807"
"103083758916","9223372036854775807"
"1899544052760582","9223372036854775807"
"1152921504606890500","9223372036854775807"
"67108868","9223372036854775807"
"1055118845804548","9223372034707292159"
"581410753651671046","9223372036854775807"
"577211375147810820","9223372036854775807"
"30496004","9223372036854775807"
"9222809086901354495","9222809084737090559"
"9222809086901354495","9222809086867800063"
"598134325510148","8646911281832908799"
"598134325510148","9223371484347463671"
"316796787752964","9223372034086535167"
"288230376151973892","9223372036854775807"
"17476236","9223372036854775807"
"9223372036854775807","8646911281833409535"
"9223372036854775807","8646911283997704191"
"9223372036854775807","9223372036301127679"
"9223372036854775807","9187343236815902719"
"9223372036854775807","9223372036821221375"
"9223372036854775807","9223363240728199167"
"9223372036854775807","9223372036284219391"
"9223372036854775807","9223372034170421247"
"9223372036854775807","8646911281832738815"
"9223372036854775807","9223372036820697087"
"9223372036854775807","9223363237993512959"
"9223372036854775807","9187343236815910911"
"9223372036854775807","8646911281832908799"
"9223372036854775807","9222809084737090559"
"9223372036854775807","9223372034086535167"
"9223372036854775807","9223372036854775807"
"9223372036854775807","8646911281832777727"
"9223372036854775807","9223372034640183295"
"9223372036854775807","9223372034707259391"
"9223372036854775807","9222809084737093631"
"9223372036854775807","9223372034136735743"
"9223372036854775807","9187343237067571199"
"9223372036854775807","9223372034640183263"
"9223372036854775807","9187343236799043583"
"9223372036854775807","9223372034707292159"
"9223372036854775807","8646911281833410559"
"9223372036854775807","9223369835667256319"
"9223372036854775807","8646911281832736767"
"9223372036854775807","8646909083363832831"
"9223372036854775807","8646911281832728575"
"9223372036854775807","6917529024788824063"
"9223372036854775807","9223372034136184831"
"9223372036854775807","8646911281833312255"
"9223372036854775807","9222809086867800063"
"9223372036854775807","9223372034136719359"
"9223372036854775807","9223372036317904895"
"9223372036854775807","9223369835063279615"
"9223372036854775807","8646911281833295871"
"9223372036854775807","8646911281832910847"
"9223372036854775807","9187343236815845375"
"9223372036854775807","8646911283980795903"
"1161084278931460","9187343237067571199"
"1161084278931460","9223372034640183295"
"164376988353604","9223372036854775807"
"1157659849966747652","9223372036854775807"
"864691128589352964","9223372036854775807"
"288477216512147461","9223372036854775807"
"2341871806232679765","9223372036854775807"
"1501125429691396","9223372036854775807"
"4611752264002961412","8646911281832728575"
"422212469260292","9223372036854775807"
"163827266093068","9223372036854775807"
"5764771350267297796","9223372036854775807"
"159795667533836","9223372034707292159"
"306432378832683012","8646911283980795903"
"164193714044940","9223372034707292159"
"445302746120196","9223372036854775807"
"2306181658795048964","9223372034086535167"
"211174952009734","9223372036854775807"
"2251799814209606","9223372036854775807"
"4683778865556881413","9223372036317904895"
"140811577655308","9223372036854775807"
"141424683253766","9223372036854775807"
"35184372219908","9223371484347454967"
"9437268","9223372036854775807"
"32","9223372036854775807"
"32","9223301665073855487"
"306244774661194244","9223372036854775807"
"52776558133252","9223372034086535167"
"4838400918028292","8646911281833312255"
"16081457067851780","9223372034086535167"
"216489510182060036","9223372036317904895"
"144115188075855884","9223372036854775807"
"4612024668008747012","9223372036821221375"
"1297036692682707972","9223372036854775807"
"3073847504645477709","9223372034707292159"
"191578910318657540","9223372034707292159"
"141012366262340","9223372036854775807"
"18058378974593028","9223372034086535167"
"187604171493382","9223372036854775807"
"72198331526283268","9223372036854775807"
"145135803301892","9223372034707292159"
"2305984021579956228","9223372036854775807"
"211655988350980","9223372036854775807"
"145410412773380","9223372036854775807"
"205230717272068","9223372036854775807"
"2674287156658180","9223372036854775807"
"432662635893227524","8646911281833295871"
"292733975779082240","9223372036854775807"
"2305843009213977941","9223372036854775807"
"4667426859917316","9223372036854775807"
"142936782733316","9223372036854775807"
"441179040645132","9223372036854775807"
"68719476758","9223372036854775807"
"704031039160324","9223372034707292159"
"164102378881036","9223372036854775807"
"1266637395197956","9223372036854775807"
"576602589303406597","9223372036854775807"
"577481099094000132","9223372036854775807"
"492581209243653","9223372036854775807"
"5188465079347052548","9223372036821221375"
"159154308120580","9223372036854775807"
"549761406276","9223372036854775807"
"4611920764159918084","9223372036854775807"
"4644611993649668","9223372036854775807"
"148677061819498500","9223372036821221375"
"4644611993698820","9223372036854775807"
"4644337115725828","9223372036854775807"
"141012383039492","9223372036854775807"
"440972915769348","9223372036854775807"
"289004020021329924","9223372036854775807"
"2251799813947398","9223372036854775807"
"1189219681974616068","9223372036854775807"
"4644611994681860","9223372036854775807"
"3078914032749510661","9223372036854775807"
"576693848768513284","9223372036854775807"
"3073741930052452365","9223372034086535167"
"3073706745680625685","9223372036854775807"
"134217728","9223372036854775807"
"2305843009213715797","9223372036854775807"
"288287550756356116","8646911281833312255"
"72444622130905092","8646911283980795903"
"164376996745220","9223372036854775807"
"334251534843908","9223372034086535167"
"47991483596275716","9223372036854775807"
"144115188075855876","9223372036854775807"
"2486303653657315333","9223372034086535167"
"1153165046432399364","9223372036854775807"
"65542","9223372036854775807"
"257975063216134","9223372036854775807"
"35184372090884","8646911281832738815"
"35184372090884","9223371484330684415"
"35184372090884","8646911281832910847"
"35184372090884","9223372034086535167"
"35184372090884","9223371484347465207"
"4541704577221124","9223372036854775807"
"515673100910596","9223372036854775807"
"361342023883555076","9223372036301127679"
"316831147491364","9222809084737091583"
"164376988360708","9223372036854775807"
"576690000477814788","9223372036854775807"
"141081086853132","9223372036854775807"
"143623706378310","9223372036854775807"
"516220709257220","9223372036854775807"
"8796098613572","9223372036854775807"
"1443109011456004","9222809084737090559"
"158398393876484","9223372036854775807"
"3073847483254527309","9223372036854775807"
"234745753501700","9223372036854775807"
"211174952009732","9223372036854775807"
"36174001273307140","9223372036854775807"
"445370962280452","9223372036854775807"
"1360104473493508","9223372036854775807"
"47790","9223372036854775807"
"576869770628956164","9223372034103312383"
"3458821757144662020","9223372036317904895"
"269132460","9223372036854775807"
"144260598488629252","9223372036854775807"
"3073706745680379911","9223372036854775807"
"4644611993632774","9223372036854775807"
"3459081276248555524","9223372036317904895"
"196610271232393220","9223372036854775807"
"140874927308868","9223372036787666943"
"1054019334176773","9223372034086535167"
"145241087982698502","9223372033818099711"
"35459249995788","9223372036317904895"
"4755801206503265540","9223372036854775807"
"6029316","9223372036854775807"
"2048","9223372036854775807"
"2048","9223301665073855487"
"288265629243277318","9223372036317904895"
"4227331937728987141","9223372036854775807"
"1056797800060157957","9223372034103312383"
"4715255616765956","9223372036854775807"
"140737489928196","9223372036854775807"
"140737489928196","9223372034707292159"
"13827561310126084","9223372036317904895"
"163827232669700","9223372036854775807"
"288570675000508421","9223372036821221375"
"4667496116256772","9223372036854775807"
"18248594486199556","9223372036854775807"
"4842283568463876","9223372036821221375"
"44739204","9223372036854775807"
"206164022596","9223372036854775807"
"511307266654212","9223372034707292159"
"1155946948289626118","9223372036854775807"
"212205744160772","9223372036854775807"
"1157425104234217472","9223372036854775807"
"1157425104234217472","9223301665073855487"
"11401935848472580","9223372034707292159"
"5","9223372036854775807"
"985231137964036","9223372036854775807"
"7686096451549528069","9223372034086535167"
"1153085331839386372","9223372036854775807"
"5277243496469510","9223372036854775807"
"72092778410016772","9223372034086535167"
"72092778410016772","9223372034640183295"
"1501125429690388","9223372036854775807"
"288402999477272580","9223372036854775807"
"35253091565580","9223372036317904895"
"4715255615979524","9223372036854775807"
"4295098380","9223372036854775807"
"36028797019662854","9223372036854775807"
"288569025733067012","9223372036821221375"
"141424750231558","9223372036854775807"
"47437330742509572","9223372036854775807"
"3053440547357196373","9223372036854775807"
"445310799183876","9223372036854775807"
"211655990444036","9223372036854775807"
"34364282180","9223372036854775807"
"4644611997827588","9223372036854775807"
"445304356732934","9223372036854775807"
"145204254343172","9223372036854775807"
"145204254343172","9223372034707292159"
"441179040645252","9223372034707292159"
"63650728131952644","9223372034136719359"
"4667495579385988","9223372036854775807"
"324259173170686468","9223372036854775807"
"768567428203413509","9223372036854775807"
"1271585197522948","9223372036854775807"
"422624781926404","9223372036854775807"
"36028797018967044","9223372036854775807"
"69257483524","9223372036854775807"
"143623706378252","9223372036854775807"
"2590724272947204","9223372034086535167"
"72221558709420036","9223372036854775807"
"35184377680196","9223372036854775807"
"316831147492356","9222809084737026047"
"5277243496464390","9223372036854775807"
"1153907216781148165","9223372036854775807"
"767863736466669830","9223372036854775807"
"562949959012676","9223372036854775807"
"750554661847044","9223372036854775807"
"180286921606431748","9223372036854775807"
"35459249995812","9223372036317904895"
"4556651063410692","9223372034086535167"
"985162418487300","9223372036854775807"
"140737489403908","9223372034707292159"
"3073849682460409861","9223372036854775807"
"708086562029572","9223372036854775807"
"768567424982188036","9223372036854775807"
"187638539616260","9223372036854775807"
"765612005372461318","9223372036854775807"
"163827232546854","9223372036854775807"
"576460752303423494","9223372033818099711"
"289284404075824132","9223372036854775807"
"3071454945866694663","9223372036854775807"
"576777446011961476","9223372036821221375"
"5044067041904951300","8646911281833295871"
"577643826814910468","9223372034136735743"
"45035996273708036","9223372036854775807"
"1501125429690436","9223372036854775807"
"3062482930984026149","9223372034086535167"
"140827683782668","9223372034707292159"
"4611850464135217156","9223372036854775807"
"4503599627378688","9223372036854775807"
"4503599627378688","9223301665073855487"
"3073847826768024909","9223372036854775807"
"536958276","9223372036854775807"
"144453837657210884","9223372036854775807"
"18155136002031620","9223372036854775807"
"2306001338888093700","9223372036854775807"
"5766964875964186628","8646911283980795903"
"49117383436009476","9223372036854775807"
"4611826755915743236","9223372036854775807"
"515679543361540","9223372036854775807"
"72291867324055556","9223372036854775807"
"5380148438975381509","9223372036317904895"
"149533598722564","9223372036854775807"
"36028797030148644","9223372036854775807"
"9083426334310404","9223372036854775807"
"3062482930984026245","9223372034086535167"
"288230376151777286","9223372036854775807"
"35184372088838","9223371484330688511"
"35184372088838","8646911281832908799"
"35184372088838","9187343237067571199"
"13568042206232580","9223372036317904895"
"4612976020511784964","9223372036854775807"
"36169604300537860","9223372036854775807"
"36170154056351748","9223372036854775807"
"288371113640067076","9223372036854775807"
"158330748141572","9223372036854775807"
"4611827443110510598","9223372036854775807"
"54359923596722180","9223372036317904895"
"576460769483292676","9223372036854775807"
"166576024190980","9223372036854775807"
"36174551029121028","9223372036854775807"
"2283083076","9223372036854775807"
"3065403233884176389","9223372036854775807"
"3065684708844109829","9223372036317904895"
"141013440004100","9223372036854775807"
"334801290659844","8646911281833312255"
"3071736420843389013","9223372036854775807"
"189151184349560902","9223372036854775807"
"3073848032991641605","9223372036854775807"
"3037677948678176789","9223372036854775807"
"2305843009213781333","9223372036854775807"
"2497245993645375509","9223372036854775807"
"747667907477508","9223372036854775807"
"3072158633376197293","9223372036854775807"
"767863737540411413","9223372036854775807"
"4612458562784870404","9223372036854775807"
"34608452","9223372036854775807"
"142116172857860","9223372036854775807"
"72221498579877892","9223372036854775807"
"703760456220676","9223372036854775807"
"216230025437904900","9223372036317904895"
"2305983815421526022","9223372036854775807"
"18178296608980996","9223372036854775807"
"1189288951207166020","9223372034136735743"
"54100438852567044","9223372036317904895"
"3434943044648964","9223372036317904895"
"9148005731008516","9223372036854775807"
"14671951880519684","9223372036317904895"
"140737491501060","9223372036787666943"
"143660213600516","9223372036854775807"
"4612847171425796101","9223372036317904895"
"90129716907868164","9187343236799043583"
"3459925666818949124","9223372036317904895"
"1152924436593116164","9223372036854775807"
"2594130834847956996","8646911281832728575"
"3747030143063818244","9223372036317904895"
"4612024942886649860","8646911281832738815"
"4538783999459332","9223372034086535167"
"4538783999459332","9223372034640183295"
"144115188075855910","8646911281833443327"
"140771848093701","9223372034707292159"
"140771848093701","9223372036854775807"
"35184372088964","9223372034136152063"
"35184372088964","9223372034086535167"
"35184372088964","9223371484330688511"
"35184372088964","8646911281832908799"
"35184372088964","9223371484347463159"
"144115188075857924","9223372036854775807"
"4611920832879394820","9223372036854775807"
"144678138029277188","9223372036854775807"
"18248731925151748","9223372036854775807"
"144150372447944708","9223372036854775807"
"288676228116774916","9223372036854775807"
"144255925564211204","9223372036854775807"
"1152956688978935812","9223371484330684415"
"1152956688978935812","9223372034640183295"
"140737488355340","9223372036854775807"
"3072167433696444421","9223372036854775807"
"144115188075856004","9223372036854775807"
"144115188075856388","9223372036854775807"
"140771848093700","9223372036854775807"
"164411884961804","9223372036854775807"
"576460752303424000","9223372036854775807"
"52776558133764","8646911281833312255"
"1162262955396431876","9223372034136735743"
"140874927308804","9223372036854775807"
"288394753152647172","9223372036854775807"
"142936511610884","9223372036854775807"
"2305882591632293900","9223372036854775807"
"317071665660036","9223372036317904895"
"149533581377540","9223372036854775807"
"234745750355972","9223372036854775807"
"172623325561924","9223372036854775807"
"140737488355588","9223372036854775807"
"164377525223692","9223372036854775807"
"163827232539716","9223372036854775807"
"140754668224516","9223372036854775807"
"440912752672772","9223372036854775807"
"576601506971648004","9223372036854775807"
"288403549233086468","9223372036854775807"
"140737488359428","9223372036854775807"
"70368744177664","9223372036854775807"
"1268286662639620","9223372036854775807"
"288371113640067078","9223372036854775807"
"163827769409548","9223372036854775807"
"864748371779256324","9223372036317904895"
"2882514867749650436","9223372036854775807"
"140772116529156","9223372036854775807"
"140772116529156","9223372034707292159"
"288394203384251140","9223372036854775807"
"1450211856571432964","8646911281833312255"
"576623480024334340","9223372036854775807"
"164376989413380","9223372036854775807"
"576624029780148228","9223372036854775807"
"215504279044100","9223372036854775807"
"36187401571270660","9223372036854775807"
"4611826893354696708","9223372036854775807"
"9757066184884236","8646911283980795903"
"159978941841412","9223372036854775807"
"1153260703944015940","9187343236799043583"
"140771856482308","9223372036854775807"
"234195976749060","9223372036854775807"
"1243051221514715156","9187343237151447039"
"3074410501841616901","9223372036854775807"
"163827366821892","9223372036854775807"
"3323656524999426133","9223372036854775807"
"288378260465647652","9223372036854775807"
"36241552518938628","9223372036854775807"
"72223620293722116","9223372036854775807"
"4667461219647492","9223372036854775807"
"72114768642572292","8646911281833312255"
"4661929301770244","9223372036854775807"
"1360371298336772","9223372036854775807"
"4662479057584132","9223372036854775807"
"750416685993988","9223372036854775807"
"52776558141444","8646911281833312255"
"1152978679211491396","9223372034136735743"
"576620181489451013","9223372036854775807"
"1284229581242372","9223372036854775807"
"3064699546429816853","9223372036854775807"
"52776558135300","8646911281833312255"
"69301021358","9223372036854775807"
"1360645639377924","9223372036854775807"
"52776558133381","8646911281833312255"
"4611849845659927300","9223372036854775807"
"72218672491659268","9223372036854775807"
"144449439610699780","9223372036854775807"
"773678228832268","9223372036854775807"
"4611743193032032516","8646911281833312255"
"1153260154188203012","9223372036821221375"
"1030","9223372036854775807"
"2397489399332868","9223372036854775807"
"334801290657796","9223372036854775807"
"1125487590506500","9223372034707292159"
"1153062242095202310","9223372036854775807"
"2410146667954180","9223372036854775807"
"16390","9223372036854775807"
"15879459654","9223372036854775807"
"3530857360950034436","9223372036317904895"
"35184372088868","6917529024788824063"
"35184372088868","8646911281832908799"
"35184372088868","9223371484330688511"
"35184372088868","9223372034086535167"
"72673320549482500","8646911281833312255"
"6896136929411076","9223372036854775807"
"140742054445574","9223372036854775807"
"2487253631703711749","9223372036854775807"
"1125899906842624","9223372036854775807"
"158879698649092","9223372036854775807"
"144185556820033542","9223372034086535167"
"4837851162214404","8646911281833312255"
"163827232539732","9223372036854775807"
"4648049066981195780","9223372034136735743"
"4667564298862596","9223372036854775807"
"35184372105220","8646911281832777727"
"35184372105220","9223371484347455487"
"297554234755252230","9223372036821221375"
"68720001028","9223372036787666943"
"2310403783445708804","9223372034136735743"
"3069801280378503175","9223372034136735743"
"36214219347066884","9223372036854775807"
"387028092977156","9223372034086535167"
"144274617261883396","9223372036854775807"
"2323893691606892550","9223372036821221375"
"316831147491844","9222809084737028095"
"144115188076205324","9223372036854775807"
"445302209249796","9223372036854775807"
"1244047550848172292","9223372036301127679"
"3066951414968222359","9223372036854775807"
"1153120516211474436","9223372036854775807"
"4715255615782916","9223372036854775807"
"1289761499119620","9223372036854775807"
"1153085537997815812","9223372036854775807"
"2305984846213677060","9223372036854775807"
"158879497322500","9223372036854775807"
"3074128958145429509","9223372036854775807"
"4611885030032015364","9223372036854775807"
"1899543775936518","9223372036854775807"
"140737492549668","9223372036854775807"
"4913167708717069","8646911283980795903"
"18178775497834500","9223372036854775807"
"141013507113092","9223372036854775807"
"72396793375096900","9222809086867800063"
"18071573114126341","8646911281833312255"
"576460752303685636","9223372036854775807"
"7503755079583748","9223369835684036607"
"234195976717572","9223372036854775807"
"72221971563151372","9223372036854775807"
"18248594486199812","9223372036854775807"
"163277476741124","9223372036854775807"
"1153156250364542980","9223372036854775807"
"3283691476353030","8646911283980795903"
"211664578281476","9223372036854775807"
"515671490297860","9223372036854775807"
"4631142976192517","8646911283980795903"
"2306160768074121222","9223372036821221375"
"234195997687812","9223372036854775807"
"35184372097028","9223371484330665983"
"35184372097028","8646911281832736767"
"35184372097028","9223372036820697087"
"35184372097028","9223371484347463167"
"18249144262983684","9223372036854775807"
"18248594553307140","9223372036854775807"
"4638813169307877380","8646911283980795903"
"141012366393604","9223372036854775807"
"5773720275405242372","9223372036284219391"
"4621924670705238020","9223372036284219391"
"158879446990852","9223372036854775807"
"166027329544196","9223372036854775807"
"34361070932","9223372036854775807"
"765611936652984582","9223372036854775807"
"2954361355555045381","9223372036854775807"
"234198124199948","9223372036854775807"
"773643952979972","9223372036854775807"
"72292341917941772","9223372036854775807"
"72291790014645764","9223372036854775807"
"72185137386749972","9223372036284219391"
"17179870212","9223372036854775807"
"228698418577413","9223372036854775807"
"144330692354899972","9223372036854775807"
"4629934612980695044","9223372036854775807"
"144220741192122380","9223372036284219391"
"4620798770798395396","8646911283980795903"
"234213156585988","9223372036854775807"
"36416374867755014","8646911283980795903"
"36241002763124740","9223372036854775807"
"2148554068","9223372036854775807"
"141012434420740","9223372036854775807"
"288465121909407748","9223372036854775807"
"324364726286942214","8646911283980795903"
"140874927614630","9223372036854775807"
"36415825111941126","9223372036284219391"
"220177204510724","9223372036854775807"
"143623706379270","9223372036854775807"
"18250793509453828","9223372036854775807"
"18141941858304004","8646911283980795903"
"18249144267177988","9223372036854775807"
"4541704577236996","9223372036854775807"
"325627240513540","9222809084737026047"
"4756966688828686340","9223372036854775807"
"3071595837973856277","9223372036854775807"
"316659348807685","6917529024788824063"
"131072","9223372036854775807"
"1899543775936516","9223372036854775807"
"2305948562329960580","8646911283980795903"
"325730319728652","9223372036317904895"
"4714705859903492","9223372036854775807"
"773678765707268","9223372036854775807"
"68719493126","9223372036854775807"
"18248869364105732","9223372036854775807"
"5793335356751878","9223372036854775807"
"105553116274692","8646911283980795903"
"576460821022900224","9223301665073855487"
"1337555895189508","9223372036854775807"
"39582418608132","9223372036854775807"
"234196245153796","9223372036854775807"
"1325186397831172","9223372036854775807"
"163827266093062","9223372036854775807"
"105553116268548","8646911283980795903"
"493130965057541","9223372036854775807"
"4611721202799476740","8646911281832908799"
"4611721202799476740","9223372034640183263"
"4611721202799476740","9223371484330665983"
"105553116267013","8646911283980795903"
"143486271662724","9223372036854775807"
"11258999336861702","9223372036854775807"
"6917564486891077636","8646911281833295871"
"288394203518533638","9223372036854775807"
"576566305419690020","9223372036284219391"
"288499756500516868","9223372036854775807"
"140737488357382","9223372036854775807"
"72396243619283012","9222809086867800063"
"648857270800613380","9223372034136184831"
"288357919500533828","8646911283980795903"
"703824947838980","9223372036854775807"
"4842249208725508","9223372036821221375"
"4612483164357525508","9223372036854775807"
"4612483714113339396","9223372036854775807"
"4611813561776210948","8646911283980795903"
"145579737564053508","9223372036854775807"
"2462974765694980","9223372036854775807"
"1360233322512388","9223372036854775807"
"18788042379100164","9223372036854775807"
"18349199800139780","9187343236799043583"
"18349199800139780","8646911281833312255"
"140737488355335","9223372036854775807"
"2307096452469358596","8646911283980795903"
"774073365823492","9223372036854775807"
"750622844387334","9223372036854775807"
"145960168587268","9223372036854775807"
"288898879221399556","8646911283980795903"
"234264964628492","9223372036854775807"
"1153062242095202308","9223372036854775807"
"211110527500292","9223372036854775807"
"211107306274820","9223372036854775807"
"334260124778629","8646911281833312255"
"2305895785771827236","8646911281833312255"
"2306161317829935110","9223372036821221375"
"1360095883560452","9223372036854775807"
"140874927570948","9223372036854775807"
"163827250364420","9223372036854775807"
"1583846500859908","9223372036854775807"
"163828306419716","9223372036854775807"
"4629805970053136388","8646911283980795903"
"515673100976134","9223372036854775807"
"288746047105138694","9223372036854775807"
"141012400865284","9223372036854775807"
"292772046369193988","8646911283980795903"
"72292339770458116","9223372036854775807"
"1155560332513509380","8646911283980795903"
"1267736906825732","9223372036854775807"
"5629499534213120","9223372036854775807"
"187621351882758","9223372036854775807"
"773652459094020","9223372036854775807"
"5793327043575812","9223372036854775807"
"5277277856202766","9223372036854775807"
"773643869099012","9223372036854775807"
"5277243496481286","9223372036854775807"
"3072158633308463109","9223372034136719359"
"3036134234336002053","9223372036854775807"
"750829002817540","9223372036854775807"
"4612436572552298500","8646911283980795903"
"1899578135683076","9223372036854775807"
"3003316011270148","9223372036854775807"
"140737488363526","9223372036854775807"
"306408601893740548","9223372036854775807"
"162468511044599812","9223372036317904895"
"152420873142276","9223372036854775807"
"152420873142278","9223372036854775807"
"18061265192615940","8646911283980795903"
"187621351358470","9223372036854775807"
"288699455299911684","8646911283980795903"
"2305983815421526020","9223372036854775807"
"72385935697772548","8646911283980795903"
"72805262011924484","9223372036854775807"
"73347321182900740","9223372036854775807"
"19068426433593412","9223372036854775807"
"1898444264308740","8646911283980795903"
"72300586107666436","9223372036854775807"
"18342740169326596","8646911283980795903"
"1155946948289626116","9223372036854775807"
"4611885579787829252","9223372036854775807"
"9761464231395332","9223372036854775807"
"1153694048964317188","8646911283980795903"
"316762428014628","9223372036854775807"
"72218672491462660","9223372036854775807"
"1289727144972804","9223372036854775807"
"18248594754641924","9223372036854775807"
"144924428633899012","9223372036854775807"
"144854059889721476","6917529024788824063"
"3071456045915176965","9223372036854775807"
"1153062379534155780","9223372036854775807"
"141424683122694","9223372036854775807"
"6935578885400559620","9223372036317904895"
"35184372097029","6917529024788824063"
"289004020020805636","9223372036854775807"
"297237575674888196","9223372036854775807"
"4738074776961028","9223372036854775807"
"289002920509178884","9223372036854775807"
"4621466861551222788","9223372036854775807"
"275415127300","9223372036854775807"
"11962825022898180","9223372036854775807"
"54746882970222596","9223372036854775807"
"4756574850372354564","9223372036854775807"
"134239556","9223372036854775807"
"36794057111896068","9223372036854775807"
"423311976693764","9223372036854775807"
"72057594037927940","9223372036854775807"
"288569575488880660","8646911281833312255"
"18788042378575876","9223372036854775807"
"163827266158596","9223372036854775807"
"387577848791557","8646911283980795903"
"4611850395425177604","9223372036854775807"
"3073706745680367623","9223372036854775807"
"40589846128885764","9223372034086535167"
"4611743193032032324","9223372036854775807"
"767863740761636885","9223372036854775807"
"162727720910853","9223372036854775807"
"576953333512667142","9223372036854775807"
"18178775497981956","9223372036854775807"
"234745732677636","9223372036854775807"
"4823179554564772","8646911283980795903"
"73289047061037060","8646911283980795903"
"18178242921890308","9223372036854775807"
"39582418600068","9223372036854775807"
"4644337115725824","9223301665073856511"
"2305988144748560388","9223372036854775807"
"1153094127932407812","9223372036854775807"
"1153094677688221700","9223372036854775807"
"140737492680708","9223372036854775807"
"1152978679211491348","9223372036854775807"
"234195976717380","9223372036854775807"
"72221971026280452","9223372036854775807"
"72114768642572293","9223372036854775807"
"4773855187431325700","9223372036854775807"
"5908762293528690692","9223372036854775807"
"9152351969476612","9223372036854775807"
"9152901725290500","9223372036854775807"
"297277157825052676","9223372036854775807"
"234814452137988","9223372036854775807"
"2306160218318307844","9223372036821221375"
"1289735729315844","9223372036854775807"
"4612002755085598725","9223372036317904895"
"765611954369724420","9223372036854775807"
"288569575488880644","8646911281833409535"
"288569575488880644","9223372036854775807"
"315291556334534660","9223372036854775807"
"585679332668604420","9223372036854775807"
"18616930881503236","9223372036854775807"
"8590983188","9223372036854775807"
"4611859191508762628","9223372036854775807"
"318308616241165","9223372036821221375"
"18178363180974084","9223372036854775807"
"2323914582327820292","9223372036854775807"
"576607537105731588","9223372036854775807"
"594514733231505414","9223372036854775807"
"1153953533708468228","8646911283980795903"
"39582418601988","9223372036854775807"
"1501194149167108","9223372036854775807"
"4648735162236932","9223372036854775807"
"4649284918050820","9223372036854775807"
"7683304860791341077","9223372036854775807"
"68719476736","9223301665073855487"
"427160267390980","9223372036854775807"
"39582418600452","9223372036854775807"
"11399736825217284","9223372036854775807"
"288394753140064260","9223372036854775807"
"1729421839328870406","9223372036854775807"
"439804651110404","9223372036854775807"
"2306001338888617988","9223372036854775807"
"5188186353149411334","9223372036854775807"
"22658770052055046","9222809086901354495"
"576781809698734086","9223372036854775807"
"140874944610308","9223372036854775807"
"1189271359021121540","9223363240728199167"
"142111886540804","9223372036854775807"
"576602864181313540","9223372036854775807"
"5188464529591238660","9223372036821221375"
"144257093795315716","9223372036854775807"
"144257643551129604","9223372036854775807"
"1729615353375358980","9223372036854775807"
"1297354451543130116","9223372036821221375"
"288288650267983877","9223372036821221375"
"288394272103727620","9223372036854775807"
"1153085331839909892","9223372036854775807"
"18251343265267716","9223372036854775807"
"4611849849954894340","9223372036854775807"
"4611957872677355524","9223372036854775807"
"5764642776125800453","9223372036317904895"
"4667701737816580","9223372036854775807"
"146235046494213","9223372036854775807"
"2307672596562313220","9223372036854775807"
"2323628846743556","9223372036854775807"
"581021526535438340","9223372036854775807"
"4611929560252940292","9223372036854775807"
"18178225742028804","9223372036854775807"
"36283883718660","9223372036821221375"
"158883725180932","9223372036854775807"
"4398601557252","9223372036854775807"
"423861732507652","9223372036854775807"
"36283883717124","9223372036821221375"
"4645986383167492","9223372036854775807"
"1153087530862641156","9223372036854775807"
"1153088080618455044","9223372036854775807"
"1152979778723119108","9223372036821221375"
"3144400945299849221","9223372034136719359"
"6917565311524798470","9223372036821221375"
"3071455015123025924","9223372036854775807"
"4667976624373764","9223372036854775807"
"3073847758046625797","9223372036854775807"
"36171200954630148","9223372036854775807"
"4667435449843716","9223372036854775807"
"576953333512667140","9223372036854775807"
"35184372438292","9223372036854775807"
"4899951647670665221","9223372036317904895"
"9149040549691398","9223372036854775807"
"18460250550042628","9223372036854775807"
"37212971042078724","9223372036821221375"
"3072159183332704261","9223372036854775807"
"141424750755846","9223372036854775807"
"18178260101758980","9223372036854775807"
"20310865983045636","9223372036821221375"
"141287786631428","9223372036854775807"
"7649962101414297605","9223372036284219391"
"2955624962850820","9223372036854775807"
"4621080795530919940","8646911283980795903"
"7353671205519364","9223372036821221375"
"584366","9223372036854775807"
"18459700720828420","9223372036854775807"
"3074410434195881989","9223372036854775807"
"19586150383484932","9223372036854775807"
"445310799183884","9223372036854775807"
"288396402407505924","9223372036854775807"
"1571760461840396","9223372036854775807"
"1443280810147844","9223372036854775807"
"1571751871905796","9223372036854775807"
"1571751947403268","9223372036854775807"
"1464549488197637","9223372036821221375"
"1571202116092676","9223372036854775807"
"1585302528084410372","9223372036317904895"
"36455407530541060","9223372036854775807"
"36345456367763468","9223372036821221375"
"144115188077253924","9223372036854775807"
"2377958877367894020","9223372036821221375"
"4614383120450322436","9223372036854775807"
"36283883716740","9223372036821221375"
"4612131870467948548","9223372036854775807"
"3071455221281456133","9223372036854775807"
"3071459343913189397","9223372036854775807"
"8591070548","9223372036854775807"
"4949451592434180","9223372036854775807"
"524288","9223372036854775807"
"524288","9223301665073855487"
"576777411652223108","9223372036821221375"
"2306265771434573828","9223372036854775807"
"234745766084620","9223372036854775807"
"2306159668562493956","9223372036821221375"
"144275167017697284","9223372036854775807"
"1153367356647407620","9223372036854775807"
"144555542482780164","9223372036854775807"
"144431847424655396","9223372036821221375"
"158880503955460","9223372036854775807"
"187604171505668","9223372036854775807"
"187604171554822","9223372036854775807"
"289074388899201030","9223372036854775807"
"4951100859875334","9223372036854775807"
"234197050466308","9223372036854775807"
"2674836912472068","9223372036854775807"
"2494994227922993237","9223372036854775807"
"1289729286864900","9223372036854775807"
"2377936887135338502","9223372036821221375"
"880227777511428","9223372036317904895"
"4621009877030928390","9223372036821221375"
"141426830606340","9223372036854775807"
"9323858603540486","9223372036821221375"
"18178225742159876","9223372036854775807"
"3073847500348588037","9223372034707292159"
"4614254477589872644","9222809086867800063"
"18353048090837012","9222809086867800063"
"72538630375079940","9223372036854775807"
"1548112371908613","9223372036854775807"
"1100049896708","9223372036854775807"
"3071454945867203589","9223372036854775807"
"8796093022208","9223301665073856511"
"2286984185782276","9222809086867800063"
"9430511231434756","9223372036854775807"
"145685290684548","9223372036854775807"
"3070083476915311365","9223372036821221375"
"1153269225159131141","9223372036317904895"
"72221421270467332","9223372036854775807"
"317071665659940","9223372036317904895"
"334260124778500","9223372034086535167"
"140874927612934","9223372036854775807"
"387036682911748","9223372034086535167"
"1266648132681732","9223372036854775807"
"3092424831631622149","9223372036854775807"
"1054027924111365","9223372034086535167"
"3075149854691819525","9223369835063279615"
"18178225742021188","9223372036854775807"
"2341871806232674372","9223372036854775807"
"1155560366873247748","8646911283980795903"
"216511500414615556","9223372036317904895"
"288265577703669764","9223372036854775807"
"234196110999558","9223372036854775807"
"18155170357575684","9223372036854775807"
"340127083659268","9223372034086535167"
"140739098968068","9223372036854775807"
"140737490452486","9223372036854775807"
"45035997347446788","9223372036854775807"
"140737496743942","9223372036854775807"
"4760344388549214212","9223372036854775807"
"14109482963435524","9223372036821221375"
"515670953427462","9223372036854775807"
"72221421270467652","9223372036854775807"
"211192131878916","9223372036854775807"
"158879430213652","9223372036854775807"
"158879430213700","9223372036854775807"
"158879430213892","9223372036854775807"
"158879430217732","9223372036854775807"
"1099511627776","9223372036854775807"
"140874944610310","9223372036854775807"
"515963011203076","9223372036854775807"
"140737488464550","9223372036854775807"
"3065403234141426501","9223372036854775807"
"2305983746702049286","9223372036854775807"
"4667976625160196","9223372036854775807"
"158330748665860","9223372036854775807"
"158329943359492","9223372036854775807"
"1161634034745348","9223369835063279615"
"140737493073926","9223372036854775807"
"594533424929177604","9223372036821221375"
"3065684717434044421","9223372036854775807"
"152419799400710","9223372036854775807"
"68719607814","9223369835666994175"
"22370052","9223372036854775807"
"140875464179716","9223372036854775807"
"140874927341574","9223372036854775807"
"4541704577224708","9223372036854775807"
"68719476806","9223372036854775807"
"211673168216068","9223372036854775807"
"19409678765129732","9223372036854775807"
"4503599627370512","9223372036854775807"
"158879430737924","9223372036854775807"
"576495936675512326","9223372036317904895"
"149542171398406","9223372036854775807"
"72218672508174340","9223372036854775807"
"234746269401100","9223372036854775807"
"72396793375096844","8646911281833312255"
"4","9223372036854775807"
"191402984163246150","9223372036854775807"
"1153156250339377156","9223372036854775807"
"18178775497965572","9223372036854775807"
"5557653321285652","8646911283980795903"
"739146758881284","9223372036854775807"
"4611849845659926532","9223372036854775807"
"3073460626875067045","9223372034136719359"
"4611826893354696710","9223372036854775807"
"19245851532591108","8646911283980795903"
"143623706378254","9223372036854775807"
"211660283314180","9223372036854775807"
"187604171489798","9223372036854775807"
"750554124912646","9223372036854775807"
"143623975337990","9223372036854775807"
"72807460984848388","9223372036854775807"
"152420873666566","9223372036854775807"
"187604171490310","9223372036854775807"
"140737767866374","9223372036854775807"
"1266645985206278","9223372036854775807"
"5793326772343300","9223372036854775807"
"1153953568068206596","8646911283980795903"
"773678228853252","9223372036854775807"
"1899578135674894","9223372036854775807"
"1899543775941638","9223372036854775807"
"164102112608260","9223371484951478271"
"1899543859822598","9223372036854775807"
"1925244860235780","9223372036854775807"
"144554992726966276","9223372036854775807"
"72396793375096837","9223372036854775807"
"537919508","9223372036854775807"
"318308616241284","9223372036821221375"
"192106671873458180","9223372036854775807"
"576601489791778820","9223372036854775807"
"140737488355350","9223372036854775807"
"721833678602244","9223372036854775807"
"140874927308870","9223372036854775807"
"422762220896260","9223372036854775807"
"74309393851613446","9223372036854775807"
"228698419101701","9223372036854775807"
"19479497753493509","9223372036821221375"
"18786942866948164","9223372036854775807"
"5188309498451722244","9223372036854775807"
"2568459162492932","9222809086867800063"
"145135534866432132","9223372036317904895"
"3076838704552083461","9223372036821221375"
"290816461859979268","8646911281833312255"
"144449989366513670","8646911281833312255"
"211655988363268","9223372036854775807"
"73111647731843340","8646911283980795903"
"211655996735492","9223372036854775807"
"175921928120324","9223372036854775807"
"316831147491332","9222809084737093631"
"316831147491332","9187343236799043583"
"316831147491332","9222809084737026047"
"4715255619911684","9223372036854775807"
"8192","9223372036854775807"
"8192","9223301665073855487"
"4715255682826244","9223372036854775807"
"4738347507384332","9223372036854775807"
"321607151124612","9223372036854775807"
"234196245159940","9223372036854775807"
"18469046567567364","9223372036854775807"
"9219130120994820","9223372036854775807"
"72301135863480324","9223372036854775807"
"18423966590828548","8646911283980795903"
"143624243249158","9223372036854775807"
"18178777645842436","9223372036854775807"
"5188344682823811076","9223372036854775807"
"77310809412","9223372036854775807"
"4612025217764557060","8646911281833312255"
"4611955948532006916","9223372036854775807"
"4612025217764556868","9223372036854775807"
"2394187643224068","9223372036854775807"
"4667426859909892","9223372036854775807"
"4612026317276184596","9223372036821221375"
"2306077205190426948","9223372036854775807"
"4612033738979672068","8646911281832738815"
"2594412309824667652","8646911281832728575"
"158881577697284","9223372036854775807"
"27338540580864004","9223372034136719359"
"612630565983617028","9223372036854775807"
"18401426602459140","8646911283980795903"
"1443246450409476","8646911281833312255"
"36178609773215748","9223372036854775807"
"108412121376620548","8646911281833295871"
"2305843009214764309","9223372036854775807"
"6917854757960810500","8646911281833295871"
"3074410708000047109","9223372034707292159"
"140737488355334","9223372036854775807"
"325730319730692","9223372036317904895"
"234471123058724","9223372036854775807"
"140737492557828","9223372036854775807"
"234475149590532","9223372036854775807"
"2427996820471812","9223372036854775807"
"1153975558300766212","8646911283980795903"
"7072333667762180","9223372036317904895"
"316736658210828","9223372036317904895"
"37057939902562340","9223372036317904895"
"3071454946000896085","9223372036854775807"
"4543182045970436","9223363237993512959"
"316762428016644","9223372036317904895"
"585626349952040964","9223372036854775807"
"288394890587406340","9223372036854775807"
"9166147404431364","9223372036854775807"
"4648049616737009668","8646911281833312255"
"1284779337056260","9223372036854775807"
"334260124779012","8646911281833312255"
"2306177269338472484","8646911281833312255"
"18178431900450820","9223372036854775807"
"159429194481668","9223372036854775807"
"4611850532863082500","9223372036854775807"
"159429186027524","9223372036854775807"
"4629864244186185732","9223372036854775807"
"1460701197500420","8646911281833312255"
"2307344203362861060","9223372036854775807"
"703687458553860","9223372036854775807"
"18353597846650885","8646911281833312255"
"704305933844484","9223372036854775807"
"720791444658323460","9223372036854775807"
"144331242110713860","9223372036854775807"
"144502765924646924","9223372036284219391"
"2306054665202040836","9223372036854775807"
"288639944233058372","8646911283980795903"
"4612095586508735492","8646911283980795903"
"72445171886718980","8646911283980795903"
"649290890698817540","9223372036854775807"
"140776143060996","9223372036854775807"
"750554125172742","9223372036854775807"
"4644405835202564","9223372036854775807"
"187638532276228","9223372036854775807"
"187638531227652","9223372036854775807"
"1153941851397423108","9223372036821221375"
"72808148163887108","9223372036854775807"
"72808010728079364","9223372036854775807"
"72761282553446404","9223372036854775807"
"288287550756356100","9223372036854775807"
"141287245785764","9223372036854775807"
"72761285774671876","9223372036854775807"
"515945965551620","9223372034707292159"
"72385970057510916","8646911283980795903"
"750554126026756","9223372036854775807"
"142386772574212","9223372036854775807"
"4621466861551222790","9223372036854775807"
"11728079294468","9223372036854775807"
"72292339770490884","9223372036854775807"
"4612740072121319428","9223372036854775807"
"176197275222020","9223372036854775807"
"3071472538052722773","9223372036854775807"
"3071525314610856021","9223372036854775807"
"3036552048754557013","9223372036854775807"
"307018418664505350","9223372036854775807"
"4644611993895428","9223372036854775807"
"3039929748475084885","9223372036854775807"
"7647112167275102293","9223372036854775807"
"576602589303407109","9223372036854775807"
"549756163412","9223372036854775807"
"1189271908776935428","9223363240728199167"
"140737488704788","9223372036854775807"
"562949953770772","9223372036854775807"
"146784802309124","9223372036854775807"
"145685290684420","9223372036854775807"
"844012613272070","9223372036854775807"
"708635244232740","9223372036854775807"
"158879967084548","9223372036854775807"
"163277476724741","9223372036854775807"
"321607151124517","9223372036854775807"
"281474976710656","9223372036854775807"
"1153260703944015892","9223372036854775807"
"18898955614027780","9223372036854775807"
"234195976716868","9223372036854775807"
"18248628845936644","9223372036854775807"
"234745741967364","9223372036854775807"
"140771848094212","9223372036854775807"
"74631001002737668","9223372036854775807"
"708636317843460","9223372036854775807"
"321607151126532","9223372036854775807"
"318308616243204","9223372036821221375"
"81382586512834564","9223372036821221375"
"4902484853741584388","9223372036821221375"
"20584506939408388","9223372036821221375"
"704271825764868","9223372036854775807"
"3074410501841616900","9223372036854775807"
"5190842773242118148","9223372036854775807"
