source,target,discovery_level,is_inv
289284429845627908,9223372034136834047,0,1
289002954868917252,9223372034136834047,6,0
289002954868917252,8646911281833410559,6,0
90916039520419844,9223372036854775807,6,1
844047241576452,9223372036854775807,6,1
773678228840452,9223372036854775807,6,0
773678228963332,9223372036854775807,6,0
187604171505670,9223372036854775807,0,1
773678228865028,9223372036854775807,6,0
288467320907497476,9223372036854775807,6,1
234745740918788,9223372036854775807,6,1
234196245152260,9223372036854775807,6,1
234195976725508,9223372036854775807,5,1
164376990453764,9223372036854775807,6,0
164376988352644,9223372036854775807,6,0
4737795604094980,9223372036854775807,6,1
173173081374732,9223372036854775807,6,0
234745866747916,9223372036854775807,5,1
1360098031042564,9223372036854775807,6,1
234200271684100,9223372036854775807,6,1
581128187753267204,9223372036854775807,6,0
1153190884955652102,9223372036854775807,6,1
1153262387571195972,9187343236799043583,6,0
4737829963825156,9223372036854775807,6,1
515945831333892,9223372036854775807,6,1
234747880013836,9223372036854775807,6,1
1360130243297284,9223372036854775807,6,1
234745766084612,9223372036854775807,5,1
577749414290915332,9223372036854775807,6,0
4737933043040260,9223372036854775807,6,1
18248877954039812,9223372036854775807,6,1
2306077205190432085,9223372036854775807,6,1
1153158449362632708,9223372036854775807,6,1
18248594486206468,9223372036854775807,6,1
4738072629477380,9223372036854775807,6,1
288569575488881156,9223372036854775807,6,0
145137682874404,9223372036854775807,6,1
145685290697220,9223372036854775807,6,1
145685290747908,9223372036854775807,6,1
145685299068932,9223372036854775807,6,1
145685292777476,9223372036854775807,6,1
1460220332961956868,9223372036854775807,6,0
750554124910852,9223372036854775807,6,1
205196357533702,9223372036854775807,6,1
140874928705798,9223372036854775807,6,1
141837044613126,9223372036854775807,6,1
275593669294,9223372036854775807,6,1
749866930290692,9223372036854775807,6,1
3071463741959700565,9223372036854775807,6,1
3071457144889933909,9223372036854775807,6,1
2494994743319068757,9223372036854775807,6,1
2494994331002208341,9223372036854775807,6,1
2927339766380757077,9223372036854775807,6,1
3071454946403549269,9223372036854775807,6,1
3035426150995198037,9223372036854775807,6,1
11178591911940,9223372036854775807,6,1
747702270820356,9223372036854775807,6,1
187638564782084,9223372036854775807,6,1
152454161235972,9223372036854775807,6,1
152454159138852,9223372036854775807,6,1
1156017351393542148,9223372036854775807,5,1
1732406601081421830,9223372036854775807,6,0
4842798964539396,9223372036821221375,6,1
5347646600380420,9223372036854775807,6,1
1442511976642117636,9223372036854775807,6,1
27725285205999620,9223372036854775807,6,1
18764815195439108,9223372036854775807,6,1
18764952634392580,9223372036854775807,6,1
750554124910598,9223372036854775807,6,1
844012697157638,9223372036854775807,6,1
187604171489286,9223372036854775807,6,1
34187950,9223372036854775807,6,1
8768826030,9223372036854775807,6,1
422899659833348,9223372036854775807,6,1
844012890095622,9223372036854775807,6,1
19068452203397188,9223372036854775807,6,1
18156235509473316,9223372036854775807,6,1
167125767421988,9223372036854775807,6,1
547990190,9223372036854775807,6,1
136948398,9223372036854775807,6,1
576836046545747972,9223372036854775807,6,1
36122616284577796,9223372036854775807,6,1
144209007341469700,9223372036854775807,0,1
2005784086970372,9223372034707292159,5,1
141031693623300,9223372036854775807,5,1
176196872569092,9223372036854775807,5,1
176746494230532,9223372036854775807,5,1
176334177320964,9223372036854775807,5,1
176196872568836,9223372036854775807,5,1
141081152856068,9223372036854775807,5,1
141029613242372,9223372036854775807,5,1
176196809658372,9223372036854775807,5,1
141012433436740,9223372036854775807,5,1
141012433375236,9223372036854775807,5,1
8725534020,9223372036854775807,5,1
141012433373204,9223372036854775807,4,1
49117392025944068,9223372034707292159,0,1
4913167708717061,9223372034707292159,0,1
4823179553931268,9223372036854775807,0,1
4541704577220628,9223372036854775807,0,0
4541704577220868,9223372036854775807,0,0
4541704577222660,9223372036854775807,0,0
4541704577220740,9223372036854775807,0,0
4541704577220612,9223372036854775807,5,0
143658334552068,9223372036854775807,5,1
18788076738445316,9223372036854775807,5,0
773643869094022,9223372036854775807,5,0
1036427148132388,9223372036854775807,5,1
1032029101641732,9223372036854775807,0,1
1161805833437188,9223372036854775807,5,0
192002218000390,9223372036854775807,5,1
750554124910612,9223372036854775807,0,1
11719556464644,9223372036854775807,6,1
72831237907021830,9223372036854775807,5,0
844012613280006,9223372036854775807,5,0
577234396172517638,9223372036854775807,5,0
4756574850372337926,9223372036854775807,5,0
773643890065670,9223372036854775807,5,0
773643874337030,9223372036854775807,5,0
773643870404870,9223372036854775807,5,0
1290276895262980,9223372036854775807,5,0
1899543776206854,9223372036854775807,0,0
1226033152338690308,9223372036854775807,5,0
1153765517756989446,9223372036854775807,4,1
1154211232283099142,9223372036854775807,0,0
1154213431306354694,9223372036854775807,0,0
1154211232283099174,9223372036854775807,0,0
1225751677361987844,9223372036854775807,5,0
1154211232283107334,9223372036854775807,5,0
765752811580309510,9223372036854775807,0,1
73111647731843334,9223372036854775807,0,0
72830172755132710,9223372036854775807,5,0
844021203206150,9223372036854775807,4,1
4684797666159231236,9223372036854775807,5,0
91126046241325316,8646911283997704191,5,0
18858411131142150,9223372036854775807,4,1
18788042386964486,9223372036854775807,0,0
73111647731843332,9223372036854775807,5,1
73111647731843332,8646911283997704191,5,1
72901606684753926,9223372036854775807,4,1
90845636450058246,9223372036854775807,0,0
20969885899227140,9223372036854775807,6,1
77615247359213828,8646911283997704191,5,0
5347612242739206,9223372036854775807,4,1
1171709547522293766,9223372036854775807,0,0
1465099244011525,9222809084737093631,5,1
1642120616083460,9223372036854775807,4,1
1571751876624388,9223372036854775807,5,0
1571751871979524,9223372036854775807,5,0
1055153205544964,9223372036854775807,5,0
1571204263641094,9223372036854775807,0,0
316831147507716,9222809084737028095,0,0
316831147491396,9222809084737026047,0,0
316831147753476,9222809084737026047,0,0
316831147495428,9222809084737026047,0,0
4630474062953447430,9223372036854775807,0,0
316831147491460,9222809084737026047,0,0
319030170746884,9222809084737026047,0,0
162833274027114500,9223372036854775807,6,1
141012433633540,9223372036854775807,5,1
317380903305220,9222809084737026047,0,0
316831147499524,9222809084737090559,5,0
140874944086022,9223372036854775807,5,1
143898584285190,9223372036854775807,5,1
187612761423878,9223372036854775807,5,1
152421946884102,9223372036854775807,5,1
141424817340422,9223372036854775807,5,1
140874960863238,9223372036854775807,5,1
422762220879908,9223372036854775807,5,1
422762220879884,9223372036854775807,5,1
72901641010937860,9223372036854775807,4,1
143623706378246,9223372036854775807,5,1
1152922237569859844,9223372036854775807,6,1
1153062379534155782,9223372036854775807,5,1
72198331526283270,9223372036854775807,0,1
422762287988740,9222809086901354495,5,1
152454159138822,9223372036854775807,6,1
4820808731983876,9222809084737090559,5,1
422762489315332,9222809086901354495,5,1
445336568987654,9222809086901354495,0,0
4541704577228804,9223372036854775807,0,0
5384858197032964,9223369835667256319,5,1
705336977653764,9223372036854775807,5,1
159979212374020,9223372036854775807,5,1
180596932476932,9223372036854775807,5,1
705336977653766,9223372036854775807,5,1
4611827855695806468,9223372036854775807,0,1
318308616241156,9223369835667256319,5,1
288394340823203844,9223372036854775807,5,0
72221455630204932,9223372036854775807,5,0
175956220182532,9223372036854775807,4,1
576495953855381508,9223372036854775807,0,0
1444208523083780,8646909083363832831,5,1
1154220028376121350,9223372036854775807,0,0
142386822905860,9223372036854775807,4,1
163827232677892,9223372036854775807,5,0
2342012578080751620,9223372036854775807,5,1
163827233067012,9223372036854775807,5,0
163861625839620,9223372036854775807,5,0
163827232612612,9223372036854775807,5,0
163827232547076,9223372036854775807,0,0
316762428014724,9223372036854775807,0,1
3694977544617988,9223372036854775807,5,1
2393155844440068,9223372036854775807,4,1
164445707960324,9223372036854775807,5,0
164445710188548,9223372036854775807,5,0
164445716365316,9223372036854775807,0,0
4611849983098880004,9223372036854775807,5,0
72396793375096836,9223372034170421247,5,1
72294538793713668,9223372036854775807,4,1
1153085332913135620,9223372036854775807,0,0
1243332696491425796,9187343237151457279,0,0
1243051221514716164,9187343237151447039,0,0
1243051221514715396,9187343237151447039,0,0
1243051221514719236,9187343237151447039,0,0
1243051255874453508,9187343236815902719,0,0
90129854346821636,9187343236815902719,5,0
18178363181105156,9223372036854775807,4,0
6074801743986692,9223372036854775807,5,0
1171099730348998660,9223372036854775807,0,0
90129716907868196,9187343236815902719,5,0
18178225742151716,9223372036854775807,0,0
90129716907876356,9187343236815910911,5,0
90129716908130308,9187343236815845375,5,0
18178225742413828,9223372036854775807,4,0
90129716908007428,9187343236815823871,0,0
234195976718596,9223372036854775807,5,1
199561360441380,9223372036854775807,6,0
18178225742151684,9223372036854775807,0,0
18187021835173892,9223372036854775807,4,0
773643869421830,9223372036854775807,5,0
576610285884801028,9223372036854775807,0,0
72224170049536004,9223372036854775807,5,0
18155136014615046,9223372036854775807,4,1
576603688815034372,9223372036854775807,0,0
1225495319354015748,9223372036854775807,5,1
1153122715234729990,9223372036854775807,4,0
1153121065967288324,9223372036854775807,5,0
18189220858298372,9223372036854775807,0,0
90131915931123716,9187343236799043583,0,0
4612530033188143110,9223372036854775807,4,1
166043435663492,9223372036854775807,4,0
163844412539012,9223372036854775807,5,0
445851965194244,9223372036854775807,5,0
1360104473559046,9223372036854775807,4,1
164377525485572,9223372036854775807,5,0
166576011608076,9223372036854775807,5,0
166576016064516,9223372036854775807,5,0
166576012722180,9223372036854775807,5,0
18180424765407236,9223372036854775807,5,0
96018168610466478,9223372036854775807,0,0
72291927453597700,9223372036854775807,5,1
1360164737253380,9223372036854775807,5,1
18248665353158660,9223372036854775807,5,1
1153155906741993476,9223372036854775807,5,1
4737864860434436,9223372036854775807,5,1
288464675207643140,9223372036854775807,5,1
72608999119257604,9223372036854775807,5,1
18539415311745028,9223372036854775807,5,1
594814899905888260,9223372036821221375,5,1
148958536796209156,9223372036821221375,5,1
2378240352344604676,9223372036821221375,5,1
2324196057304530948,9223372036854775807,5,1
749875521126404,9223372036854775807,6,1
581303001512148996,9223372036854775807,5,1
316698003505156,9187343236799043583,5,1
2306722618515916804,9223372036854775807,5,1
10038541161594892,8646911283980795903,5,1
4612718047529009156,8646911283980795903,5,1
18249144242012164,9223372036854775807,6,1
7650243576391008261,9223372036284219391,5,1
3036305758149935117,9223372036284219391,5,1
4612460624369156101,9223372036854775807,5,1
577925301791621124,9223372034136735743,5,1
2310685258422419460,9223372034136735743,5,1
3716418021359620,9223372036317904895,5,1
4541704577221636,9223372036854775807,0,0
6148856050616543918,9223372036854775807,4,1
54381913829277700,9223372036317904895,5,1
13849517182943236,9223372036317904895,5,1
865029846755966980,9223372036317904895,5,1
10472023620845572,9223372034136719359,5,1
317209104615429,9222809086867800063,5,1
1548662127722501,9222809086901354495,5,1
18353597846650900,9222809086867800063,5,1
4614255027345686532,9223372036821221375,5,1
2307377927446069252,8646911283980795903,5,1
1153238713711461396,9223372036821221375,5,1
750588484665348,9223372036854775807,6,1
1153930306525331460,9223372036854775807,5,0
422770810814477,9223372036854775807,4,1
4949460182368268,9223372036854775807,5,0
18437160732459013,9223372036854775807,4,1
22963850104012804,9223372036854775807,5,0
4612165405497102340,9223372036821221375,5,1
4614453489194500100,9223372036854775807,4,1
3073706745680429077,9223372036854775807,3,1
3694908825141252,9223369835063279615,4,0
1152956757698412550,9223372036317904895,0,0
4738070481994244,9223372036854775807,3,1
35253091565700,9223372036317904895,4,0
577728489210249221,9223372036854775807,1,0
35253091565604,9223372036317904895,4,0
211381111488516,9223372036854775807,4,0
163827240992772,9223372036854775807,2,0
422830940356612,9223372036854775807,3,1
37494446018789380,9223372036821221375,5,1
17179869196,9223372036854775807,4,0
3076122441991323669,9223372036854775807,3,0
141905719984132,9223372036854775807,3,1
4831843588,9223372036854775807,3,1
68987912452,9223372034707292159,3,0
768568248542167045,9223372036854775807,0,1
739009269596164,9223372036854775807,6,1
4611743261751508997,9223372036317904895,4,0
189151189181399044,9223372036854775807,3,1
1733921315787636740,9223372036317904895,0,0
36486193856118796,9223372036821221375,5,1
1801475310198194180,9223372036317904895,0,0
35253091566084,9223372036317904895,4,0
18178509209862148,9223372036854775807,4,0
17179890948,9223372036854775807,4,0
144115205255725060,9223372036854775807,4,0
22377732,9223372036854775807,4,1
3073706745680887829,9223372036854775807,3,1
2305843009280824597,9223372036854775807,3,1
19304134238797830,9223372036854775807,0,0
576513528861556748,9223372034136735743,4,0
9437204,9223372036854775807,4,0
576460752303685632,9223372036854775807,0,0
45035997884317700,9223372036854775807,3,1
786581822417928196,9223372036854775807,4,0
140875201511430,9223372036854775807,3,0
140875201511428,9223372036854775807,4,1
3458764537255690244,9223372036854775807,4,0
2392812448382980,9223372036854775807,0,0
5044071165073555460,9223372036854775807,0,0
135266324,9223372036854775807,4,0
2269392017904902,9223372036854775807,3,1
19843985858101252,9223372036854775807,6,1
4755801206503243780,9223372036854775807,0,0
141012634697732,9223372036854775807,3,0
18401976358273028,8646911283980795903,5,1
69256434948,9223372036854775807,3,1
68719564036,9223372036854775807,4,0
1153437725316087812,9223372036854775807,6,1
187604171554820,9223372036854775807,4,0
17716761860,9223372036854775807,3,1
2251799814034708,9223372036854775807,5,1
36350468,9223372036854775807,4,1
1099513025796,9223372036854775807,4,0
576460752336977920,9223372036854775807,1,0
72221971038863364,9223372036854775807,3,0
9165597648617476,9223372036854775807,0,0
44706308,9223372036854775807,4,1
17179934724,9223372036854775807,4,0
44730884,9223372036854775807,4,1
1501125429755908,9223372036854775807,3,1
9342550301212676,9223372036854775807,3,0
173173081374756,9223372036854775807,5,0
44737028,9223372036854775807,4,1
36350596,9223372036854775807,4,0
4100,9223372036854775807,4,0
4294972676,9223372036854775807,4,0
3463303366539476996,9223372036317904895,4,0
4902220970950918148,8646911281833312255,4,0
1610614020,9223372036854775807,3,1
158879430213636,9223372036854775807,5,1
1835012,9223372036854775807,3,1
1188950301625854468,9223372036854775807,3,1
141081086263301,9223372036854775807,3,1
17180566188,9223372036854775807,3,1
865007890883149828,9223372036317904895,5,1
67239948,9223372036854775807,4,0
1179660,9223372036854775807,0,0
432381023477563396,9223372036317904895,0,0
2402021663571972,9223372036854775807,0,0
216489544541798404,9223372036317904895,5,1
6918690386797920260,9223372036317904895,0,0
68719476742,9223372036854775807,3,0
576601524151517188,9223372036854775807,4,1
2796044,9223372036854775807,4,0
109247750213730308,9223372036317904895,0,0
9148212695269380,9223372036854775807,3,1
211518549393412,9223372036854775807,3,1
1297355001298944004,9223372036821221375,5,1
144432397180469284,9223372036821221375,5,1
211381110439940,9223372036854775807,4,0
3071595683388588053,9223372036854775807,3,1
2147833156,9223372036854775807,4,0
4647714815446526468,9223372036854775807,3,1
538006852,9223372036854775807,3,1
2305983746702049284,9223372036854775807,4,0
9223369835684036607,9223369835063279615,3,0
288394306463465476,9223372036854775807,0,0
35184372088852,8646911281832777727,0,0
35184372088852,9223372034103269375,0,0
24401156,9223372036854775807,4,1
180143985094829060,9223372036854775807,4,0
577445914721910788,9223372036854775807,0,1
5767172,9223372036854775807,4,0
576865372582445060,9223372034103312383,3,0
1747628,9223372036854775807,3,1
108086391056894468,9223372036854775807,3,1
72538080619266052,9223372036854775807,0,0
3107483742885642325,9223372036854775807,5,1
70,9223372036854775807,4,0
22,9223372036854775807,4,0
140892107177990,9223372036854775807,5,1
2305843009230492949,9223372036854775807,3,1
234265241452548,9223372036854775807,6,1
316736658210822,9223372034153571327,0,1
16777220,9223372036854775807,4,0
577199624117289476,9223372036854775807,4,0
1162263505152245764,8646911281833312255,5,1
655366,8646909083363570687,0,1
2305843009217910037,9223372036854775807,3,1
164376996757508,9223372036854775807,6,0
2306054115446226948,9223372036854775807,0,0
4194308,9223372036854775807,4,0
1153260188547940420,8646911281833409535,0,1
158879432310788,9223372036854775807,5,1
234196513652742,9223372036854775807,4,1
576795553594081292,9223372034136735743,5,1
2305843009213715796,9223372036854775807,3,1
20,9223372036854775807,4,0
316934226706439,9223372034136719359,0,0
4325388,9223372036854775807,4,0
65540,9223372036854775807,4,0
2306441143539206148,9223372036854775807,4,0
152392964,9223372036854775807,4,1
22401284,9223372036854775807,4,1
18175748,9223372036854775807,4,0
54875396,9223372036854775807,4,1
865007856523411460,9223372036317904895,4,0
144115188081448068,9223372036854775807,4,0
704374904979460,9223372036854775807,0,0
773643902648582,9223372036854775807,5,0
316831147491588,9222809084737026047,0,0
144115188076205068,9223372036854775807,4,0
3071454945866682375,9223372036854775807,3,0
144115188075943174,9223372036854775807,3,1
34365330756,9223372036854775807,3,1
2586326226436100,9223372034086535167,3,0
1297036692682708228,9223372036854775807,3,1
289180903953924100,8646911283980795903,5,1
9148212694745092,9223372036854775807,0,0
1501125429690628,9223372036854775807,3,1
2522015791327477765,9223372036854775807,3,1
576782359454547974,9223372036854775807,5,1
577961946452590596,9223372036854775807,3,1
158604552306692,9223372036854775807,4,0
1501125429694468,9223372036854775807,3,1
288230376151722500,9223372036854775807,4,0
145616382225022980,9223372036854775807,3,1
18049582881570820,9223372034640183295,2,0
317071665659911,9187343237067571199,5,1
445439648202756,9223372034707292159,2,0
3072158633308455429,9223372034136719359,4,1
767863753646538773,9223372036854775807,4,1
234745866747908,9223372036854775807,6,1
576610629482184708,9223372036854775807,3,1
9192608697942020,9223372036854775807,0,0
576601833389162500,9223372036854775807,0,0
35459249997828,9223372036317904895,4,0
72218672491413508,9223372036854775807,5,1
144115188142964742,9223372034707292159,0,1
1047693843782172676,9223372036821221375,4,0
44739076,9223372036854775807,4,1
140737493946692,9223372036854775807,3,1
324577481786916868,9223372036821221375,4,1
750554125959172,9223372036854775807,5,1
1275708366127108,9223372036854775807,3,1
1266912273104900,9223372036854775807,0,0
3066951414993390231,9223372036854775807,3,0
17179873284,9223372036854775807,4,0
4719807868734275588,8646911281833295871,4,0
1153085881607782404,9223372036854775807,3,0
4096,9223372036854743039,0,0
140737488356356,9223372036854775807,0,0
4692856364836323332,9223372036284219391,0,0
2462974765694982,9223372036854775807,3,1
1729707987229999108,9223372034086535167,5,1
648518346341351684,9223372036854775807,3,0
9007216434610180,9223372036854775807,4,0
2251816993554436,9223372036854775807,4,0
142940977037316,9223372036854775807,0,0
633679474851844,9223372036854775807,3,1
9007199260332356,9223372036854775807,3,1
2199028847684,9223372036854775807,3,1
562967133290500,9223372036854775807,4,0
3459103232121372676,9223372036317904895,5,1
576460752303489030,9223372036854775807,3,0
44214788,9223372036854775807,4,1
288406298012155908,9223372034086535167,3,0
4644611993632772,9223372036854775807,0,0
3037677948728508437,9223372036854775807,4,1
2305843026393563140,9223372036854775807,4,0
40871321105596420,8646911281833409535,5,1
40871321105596420,9223372034086535167,5,1
72830138395394308,8646911283980795903,4,0
317277824090628,9223372036317904895,5,1
5667570124324868,8646911283980795903,4,0
1298798112407556,9223372036854775807,3,0
140874961911812,9223372036787666943,3,1
2153076036,9223372036854775807,3,1
4541670217482244,8646911283980795903,0,0
36169813680193540,9223372036854775807,0,0
42641924,9223372036854775807,4,1
439804651634692,9223372036854775807,3,1
3072163031354966021,9223372036854775807,0,1
145204254867460,9223372036854775807,3,1
3072440108285165573,9223372036854775807,0,1
750622844911622,9223372036854775807,5,1
18788042380673286,9223372036854775807,5,0
2306164616364818444,9223372036854775807,5,1
141424750231556,9223372036854775807,0,0
261815708806021124,9223372034136719359,4,0
189863672179326980,9223372036854775807,0,0
163964671492868,9223372036854775807,3,0
20583957183594500,9223372036821221375,0,0
3076662232935825413,9223372036854775807,0,1
1290002554159108,9223372036854775807,0,0
72221730508111876,9223372036854775807,0,0
4611850120604942340,9223372036854775807,4,0
4719825186042413060,8646911281833312255,4,0
432486301715922950,9223372036854775807,3,1
140742320193540,9223372036854775807,5,1
1572868,9223372036854775807,4,0
698886,9223372036854775807,4,0
648659083829706756,9223372036854775807,0,0
1153541904042819589,9223372034136184831,0,0
152419799404548,9223372036854775807,0,0
1153649106426527748,9223372034707292159,3,0
1225751677361979684,9223372036854775807,5,0
140737488355460,9223372036854775807,0,0
140737488355460,9223372034707292159,0,0
2179953600757764,8646911283980795903,5,1
288371113644261380,9223372036854775807,1,0
1153929756769517572,9223372036854775807,0,0
140737492549636,9223372034707292159,0,0
360287970189639940,9223372036854775807,2,0
4611861115654111236,9223372036854775807,3,0
288569575488880900,9223372036821221375,5,1
1724171671306244,9223372034136719359,4,0
172898212118532,9223372036854775807,3,0
1171170648848859140,9223372036854775807,6,1
18014398509481988,9223372036854775807,0,1
18577348462903296,9223372036854775807,0,1
144115188075986950,8646909083363570687,0,1
158398393876486,9223372036854775807,3,1
576460752303423492,9223372036854775807,0,0
576460752303423492,9223372033818099711,0,0
2305985395969490948,9223372036854775807,3,1
436884623104933892,9223372036317904895,0,0
162187036067889156,9223372036317904895,4,0
70867309892,9223372036854775807,3,0
18014398509484032,9223372036854775807,0,1
18014398509482112,9223372036854775807,0,1
2305992817672978436,9223372036854775807,3,1
524292,9223372036854775807,4,0
3072158702027931652,9223372036854775807,0,0
18248595023134726,9223372036854775807,5,0
243266956034060,9223372036854775807,3,1
1073743108,9223372036854775807,4,0
4550500670242820,9223372036854775807,0,0
524550,9223372034103301631,0,1
140737488363524,9223372036854775807,4,0
234470856785926,9223371484951478271,3,1
1161359156838407,9187343237067571199,4,0
3072158908186361861,9223372036854775807,0,1
243266949742598,9223372036854775807,3,1
141012433379396,9223372036854775807,5,1
72292099252289540,9223372036854775807,5,1
144449439610699782,9223372034136735743,0,0
164102112542726,9223372036854775807,4,0
1289731434349060,9223372036854775807,3,0
576848330152214564,9223372036284219391,5,1
759569037926596612,9223372036854775807,4,0
9223371484951478271,9187343237067571199,4,0
5188287508219166724,9223372036854775807,4,0
4667978763730948,9223372036854775807,5,0
9223369837831520255,9223369835063279615,3,0
74348976270213124,9223372036854775807,0,0
140737493073924,9223372036854775807,4,1
140737493073924,9223372034707292159,4,1
234196010336262,9223372036854775807,4,1
3074410433390575621,9223372036854775807,4,1
3074410433138917381,9223372036854775807,4,1
152419799404550,9223372036854775807,5,1
9324408359354374,9223372036821221375,5,1
211658169384972,9223372036854775807,4,1
89653252,9223372036854775807,4,0
1289795993075716,9223372036854775807,0,0
2486022178680604677,9223372034086535167,4,0
6,9223372036854775807,4,0
289074423124721668,9223372036854775807,6,1
576460752303423504,9223372036854775807,2,0
3062658852844470277,9223372036854775807,3,1
318308616241188,9223372036821221375,5,1
290816427500240900,9223372034136735743,0,0
144261148244443140,9223372036854775807,3,1
72831237907021828,9223372036854775807,0,0
576619356857827334,9223372036854775807,4,0
68,9223372036854775807,4,0
4909029146950107140,8646911283980795903,0,0
576603413937127428,9223372036854775807,3,1
4667426859909700,9223372036854775807,4,0
17179869204,9223372036854775807,4,0
187621351358468,9223372036854775807,0,0
158879564431364,9223372036854775807,5,1
581122956483101188,9223372036854775807,4,0
7685709423456550917,9223372034086535167,4,1
422762220880004,9223372036854775807,5,1
72221971044106244,9223372036854775807,5,0
263777237549973508,9223372034086535167,4,0
576605887838289924,9223372036854775807,4,0
8589934592,9223372036854775807,2,0
4667703885299716,9223372036854775807,4,0
3074410450302009349,9223372034707292159,4,1
9223372036821221375,9223372034086535167,4,0
3062447746612069380,9223372036854775807,4,0
141424683122948,9223372036787666943,3,0
18788076738445318,9223372036854775807,4,0
1056551509455536132,9223372034086535167,4,0
35201551958020,9223372036854775807,1,0
1501125429706756,9223372036854775807,3,1
3073856280335482885,9223372036854775807,4,1
65627650038693892,9223372034086535167,4,0
36367446600318980,9223363237993512959,4,1
3073851881215229957,9223372036854775807,3,1
879609302220804,9223372036317904895,4,0
1073872908,9223372036854775807,4,0
154206505795588,9223372036854775807,3,1
1153155700584087556,9223372036854775807,6,1
4503599627501568,9223372036854775807,1,0
4715256689459204,9223372036854775807,5,1
18718086119096324,9223372036854775807,6,1
4756122263898554372,9223363240728199167,0,0
35184372092932,8646911281832777727,0,0
35184372092932,9223371484347455487,0,0
9346948347723780,9223369835063279615,4,1
72218672558505988,9223372036854775807,5,1
4611826755919937540,9223372036854775807,1,0
37529991168131076,9223372036854775807,3,1
36283883716644,9223372036821221375,4,0
576672958047584261,9223372036854775807,1,0
298403057731895300,9223372036854775807,0,0
765611936653018116,9223372036854775807,3,1
140741783322628,9223372036854775807,3,0
2306230587062485124,8646911283980795903,5,1
16384,9223372036854743039,0,0
4398064686340,9223372036854775807,0,0
18178230036988420,9223372036854775807,3,0
16,9223372036854775807,0,0
68722688004,9223372036854775807,3,0
72057594037930500,9223372036854775807,4,0
4225115322287390724,9223372034136719359,4,0
5277243580350470,9223372036854775807,3,0
17179869189,9223372036854775807,4,0
11962686526980100,9223372036854775807,2,0
11950,9223372036854775807,3,1
135267668,9223372036854775807,3,1
35218731827204,8646911281832777727,0,0
35218731827204,9223371484347463671,0,0
1266706114674694,9223372036854775807,3,1
187608466980870,9223372036854775807,5,1
35459249995908,9223372036317904895,4,0
163831527505932,9223372036854775807,0,0
1153331072688193796,8646911283980795903,5,1
2410146667954182,9223372036854775807,3,1
34603348,9223372036854775807,3,1
190,9223372036854775807,3,1
7683739098619576325,9223372034136719359,4,0
4663303691305476,9223372036854775807,3,0
4611872952651677702,9223372036854775807,3,1
17179869188,9223372036854775807,4,0
140737488355364,9223372036854775807,0,0
422281184542724,9223372036854775807,0,0
768567441088315397,9223372034707292159,2,0
3065403233884700677,9223372036854775807,3,1
211657062088708,9223372036854775807,3,1
1162245363210387462,9223372036821221375,0,0
22892804,9223372036854775807,4,1
1074438828,9223372036854775807,3,1
4737804194021380,9223372036854775807,6,1
297237575406453252,9223372036854775807,3,0
140772921835524,9223372036854775807,5,1
450395421987045380,9223372036317904895,0,0
3074023405029163021,9223372034086535167,4,1
189151184349570052,9223372036854775807,3,1
35184372089348,8646911281832908799,0,0
35184372089348,8646911281832728575,0,0
35184372089348,9223371484330668031,0,0
35184372089348,9223371484347463671,0,0
216054034857988,9223372036854775807,5,1
36187951327084548,9223372036854775807,3,1
576777411652222976,9223371484330684415,3,0
89915396,9223372036854775807,3,1
2990,9223372036854775807,3,1
10190548644134916,9223372034136719359,4,0
140737488355332,9223372036854775807,0,0
164376988901380,9223372036854775807,5,0
35188667056132,9223372034707292159,3,0
262144,9223372036854775807,0,0
750622844387332,9223372036854775807,4,0
142180597432332,9223372036854775807,0,0
140737488357380,9223372036854775807,0,0
144115196665790470,9223372034707292159,0,1
35184372089860,8646911281832777727,0,0
35184372089860,9223371484347455487,0,0
193514046488580,9223372036854775807,5,1
576601489791778816,9223372036854775807,3,0
158741991260164,9223372036854775807,3,1
3071456045378306053,9223372036854775807,4,0
148618787703226374,9223372034103312383,0,1
148618787703226374,9223372034103302143,0,1
1153094952566128644,9223372036854775807,3,0
35184372088900,9223372034640183263,3,0
260,9223372036854775807,4,0
581105089419149316,9223372036821221375,4,0
158948149690372,9223372036854775807,5,1
288371130819936260,9223372036854775807,1,0
4611858916632952836,9223372036854775807,3,0
141012433371140,9223372036854775807,3,0
5276143984836628,8646911283980795903,4,0
90138513000890372,9187343236799043583,5,0
35184372088844,8646911281832908799,0,0
35184372088844,9223371484330686463,0,0
35184372088844,9223372034086535167,0,0
158896610082820,9223372036854775807,5,1
140874927308806,9223372036854775807,5,1
35184372088836,8646911281832908799,0,0
35184372088836,9223371484347463671,0,0
144255998578655238,9223372036854775807,3,1
72218672492445700,9223372036854775807,5,1
4611849914647838732,9223372036854775807,5,0
2305843009213693956,9223372036854775807,4,0
4756122813654368260,9223372036854775807,5,1
288230376151711744,9223372036854775807,2,0
262148,9223372036854775807,4,0
67807404,9223372036854775807,3,1
72221489989943812,9223372036854775807,3,0
29871669342371844,9223372036821221375,4,0
4541704577220644,9223372036854775807,0,0
1747432114669748228,9223372036317904895,0,0
140737492551684,9223372036854775807,1,0
234745749569540,9223372036854775807,5,1
316728068276230,9223372036317904895,0,0
844046973009924,9223372036854775807,6,1
140737488355844,9223372036854775807,0,0
4503599627370560,9223372034707259391,1,0
44608004,9223372036854775807,4,1
3362095451506475013,9223372036854775807,2,1
594638015972769796,9223372036854775807,6,0
68719476998,9223372036854775807,0,1
68719476998,9223371484347487743,0,1
148671564261359622,8646911281833312255,4,0
216054034923524,9223372036854775807,5,1
7522446240385028,9223369837831520255,3,0
146784802308101,9223372036854775807,3,1
36028797021760012,9223372036854775807,3,1
288265560523800580,9223372034640183263,2,0
840625017946374149,9223372036854775807,3,0
774623121637380,9223372036854775807,3,1
1024,9223372036854743039,0,0
3461016337069375494,9223372036854775807,3,1
2594109669249122310,9223372036821221375,0,0
4503599627370752,9223372036854743039,1,0
47991483596800004,9223372036854775807,4,1
576777411652222983,9223372034640183263,2,0
7503756690196484,9223369837831520255,2,0
142249316843525,9223372036854775807,3,1
4737795604088836,9223369837831520255,4,1
72467162119274516,9223372036284219391,5,1
43980465111044,8646911281832777727,0,0
43980465111044,9223371484347463671,0,0
141424683122950,9223372036854775807,5,1
144115188081448324,9223372036854775807,3,1
2,9223372036854775807,0,0
2,9223301665073855487,0,0
1501194149167109,9223372036854775807,3,1
4618758077217243140,9223372036821221375,4,0
4540983022714884,9223372034103312383,3,0
316659348799488,9223372034707292159,2,0
150907979563012,9223372036854775807,3,1
140874944086020,9223372036854775807,2,0
2392537302302726,9223372036854775807,5,1
18014398509481986,9223372036854775807,0,1
703688515518468,9223372036854775807,0,0
94716364291309574,9222809086901354495,5,1
144115188077253668,9223372036854775807,4,0
274878256388,9223372036854775807,4,0
1285329092870156,9223372034707292159,0,0
36776464925851684,9223372036854775807,4,0
288396952163319812,9223372036854775807,3,0
4702888265777156,9223372036854775807,5,0
577727389698621444,9223372036854775807,4,0
576601575691124742,9223372036854775807,3,1
18014398509482496,9223372036854775807,0,1
288675678360961028,9223372036854775807,0,0
2393087124963332,9223372036854775807,2,0
144256355060940804,9223372036854775807,3,1
1153155700583563268,9223372036854775807,4,0
423312513565700,9223372036854775807,3,1
1290002017290260,9223372036854775807,0,0
18155135997837312,9223372036854775807,0,1
2305988694504374276,9223372036854775807,3,1
140875106156550,9223372036854775807,6,1
90244615872970756,9223372036854775807,5,0
4667976615870468,9223372036854775807,5,0
288699489659650052,8646911283980795903,5,1
4538852718936070,9223372036317904895,4,0
4188347653454561365,9223372036854775807,5,1
1153085366199123972,9223372036854775807,0,0
4512395720392704,9223301665073856511,2,0
288371113640329220,9223372036854775807,3,0
17592204219652,9223372036854775807,4,0
18718085951258628,9223372036854775807,3,0
23291642008043526,9223372036854775807,0,0
140737488617476,9223372036854775807,2,0
4503599627371008,9223372036854775807,2,0
4503599627371008,9223301665073855487,2,0
141029546131460,9223372036854775807,3,0
36193174007447564,9223372036854775807,5,0
768004491134894084,9223372034707292159,2,0
35321811042308,8646911281832777727,0,0
35321811042308,9223371484347463671,0,0
4503599627370624,9223372036854775807,2,0
4503599627370624,9223301665073855487,2,0
1729417716160266244,9223372036317904895,0,0
81390935929257988,9223372036821221375,4,0
1152921504606846976,9223372036854775807,0,0
1152921504606846976,9223301665073855487,0,0
5102421147648004,9223372036821221375,4,0
864832965455118341,9223372036854775807,1,0
28182956921061380,9223372036317904895,4,0
4398046511104,9223372036854775807,2,0
78852575897583620,9223372036854775807,4,0
140807551123468,9223372034707292159,0,0
1234039074457649156,8646911281833312255,0,0
1152978954089398277,9223372036317904895,4,0
3072160833405452293,9223372036854775807,3,1
536870912,9223372036854775807,2,0
4503599627370498,9223301665073855487,2,0
4503599627371520,9223372036854743039,1,0
549755813888,9223301665073856511,0,0
159704332369932,9223372036854775807,3,0
2251799814209542,9223372036854775807,5,1
4663097532874884,9223372036854775807,0,0
750,9223372036854775807,3,1
3363203759227273221,9223372036854775807,2,1
4503737066323968,9223301665073856511,2,0
1153519638932357124,9223372034086535167,3,0
4611744292543660052,9223372036821221375,4,0
72198898461966340,9223372036854775807,5,1
576460752303947776,9223301665073855487,2,0
234196513652740,9223372036854775807,3,0
1152921516015353860,9223372036854775807,3,1
5022019359866884,9223372036854775807,6,1
36195373030572044,9223372036854775807,4,0
4538783999459328,9223301665073856511,2,0
140737492582404,9223372036854775807,1,0
3018846613143556,9223372036854775807,0,0
18342774529064964,8646911283980795903,5,1
5066549580791808,9223301665073856511,2,0
1158175658359128068,8646911283980795903,4,0
145298262587342852,9223372036854775807,4,0
176231098093572,9223372036854775807,5,1
3071454945866810372,9223372036854775807,3,1
17592186044416,9223372036854775807,2,0
537924948,9223372036854775807,3,1
288394615701110788,9223372036854775807,3,0
1153261803455643652,9223372036821221375,5,1
105553116266500,9223372034086535167,3,0
703756161253380,9223372036854775807,0,0
2147483648,9223372036854775807,0,0
5019270581321732,9223372036854775807,4,1
387577848793092,8646911283980795903,5,1
4504149383184384,9223301665073856511,2,0
268566540,9223372036854775807,4,0
18348650044325892,8646911281833312255,4,0
4616189618054758400,9223372036854775807,2,0
4616189618054758400,9223301665073855487,2,0
4611686018427562500,9223372036854775807,4,0
432345564227567618,9223372033818099711,0,0
1028,9223372036854775807,4,0
1225751677361979652,9223372036854775807,5,0
17179869252,9223372036854775807,4,0
4667529939124228,9223372036854775807,5,0
8595526980,9223372036854775807,3,1
1108101562368,9223372036854775807,3,1
576606987349917700,9223372036854775807,0,0
1360095883559430,9223372036854775807,4,1
135288132,9223372036854775807,3,1
648575795823902724,9223372034136719359,4,0
37383395344388,8646911281832777727,0,0
37383395344388,9223371484347463671,0,0
422796580618244,9223372036854775807,3,1
144115188075856134,9223372034103301631,0,1
4611858641752948740,9223372036854775807,4,0
3073851881215754245,9223372036854775807,4,1
18049600061440004,9223372036854775807,1,0
141424818388996,9223372036854775807,3,1
141081085739013,9223372036854775807,0,0
140737497792516,9223372036787666943,3,1
72955345282007044,8646911281833312255,5,1
36283883724804,9223372036821221375,4,0
9711436720766980,9223372036854775807,0,0
8,9223372036854775807,0,0
8,9223301665073855487,0,0
288230376151711757,9223372036854775807,3,0
4629700416936869888,9223372036854775807,0,1
318308616241668,9223372036821221375,5,1
4616224871146323973,9223372036317904895,0,0
32768,9223372036854775807,2,0
1153156662656237572,9223372036854775807,5,1
562949953421312,9223301665073856511,0,0
515808392380420,9223372034707292159,4,1
1153672058731757572,9223372036821221375,4,0
4622053313565687812,9223372036854775807,4,1
4503599627386880,9223372036854743039,1,0
140737488355396,9223372034707259391,0,0
22499588,9223372036854775807,4,1
1153049047955669252,8646911283980795903,4,0
144115188075942918,9223372036854775807,4,0
1266706114674692,9223372036854775807,0,0
9223372034707259391,9223372034707292159,2,0
441179174862852,9223372034707292159,3,0
4755801206503265284,9223372036854775807,4,0
9223372036854743039,9223372034707259391,2,0
187604171489414,9223372036854775807,5,1
580964351930793985,9223372036854775807,2,0
440904699609092,9223372036854775807,3,0
17179885572,9223372036854775807,4,0
4503599627370504,9223301665073855487,2,0
3071459344450060309,9223372036854775807,3,1
16908300,9223372036854775807,4,0
35253091573764,9223372036317904895,4,0
141493939470340,9223372036854775807,5,1
1730543616067108868,9223372036317904895,4,0
288500306256330756,9223372036854775807,3,1
2199023605060,9223372036854775807,5,1
36349854414274580,9223363237993512959,3,0
9148005731008518,9223372036854775807,3,1
6922068086518448132,9223372036317904895,0,0
143632296312836,9223372036854775807,0,0
158879463768068,9223372036854775807,5,1
269655243505668,9223372036854775807,4,1
35459250003972,8646911281833295871,4,0
35459249996292,8646911281833295871,4,0
703773341122564,9223372034707292159,0,0
16388,9223372036854775807,4,0
4503633987108864,9223301665073856511,2,0
35184372088832,9223301665073856511,0,0
1360130243297292,9223372036854775807,4,1
36283883716621,9223372036821221375,4,0
4503599627632640,9223372036854775807,1,0
576601575691124740,9223372036854775807,0,0
576602589303406613,9223372036854775807,1,0
256,9223372036854743039,0,0
140737488355348,9223372036854775807,3,0
703687710212100,9223372036854775807,0,0
3065404333379026949,9223372036854775807,0,1
35356170788868,9187343236799046655,5,0
576689450722000900,9223372036854775807,0,0
4505798650626048,9223301665073856511,2,0
4629735670028435461,9223372036317904895,0,0
7205794863042789380,9223372036317904895,0,0
58634893524996,9223372036854775807,5,0
108121850306887684,9223372036317904895,0,0
447501232635910,9223372036854775807,4,0
2396939643518980,9223372036854775807,0,0
4611686018427387904,9223372036854775807,0,0
4611686018427387904,9223301665073855487,0,0
39582418599973,9223372036854775807,4,0
72796466120228868,9223372036854775807,5,1
316659348801541,9222809086867800063,4,0
1153062242099396612,9223372036854775807,1,0
140737756791044,9223372036854775807,3,0
163895952032260,9223372036854775807,3,0
672208196,9223372036854775807,5,1
2199023255552,9223301665073856511,0,0
594475150812905472,9223372036854775807,0,0
35184372350980,9223372034136184831,0,0
35184372350980,9223371484347454975,0,0
140737492549638,9223372036854775807,1,0
212755499974660,9223372036854775807,3,1
45741883812478980,9223372036854775807,0,0
